data,ano,trimestre,mes_num,mes_nome,ano_mes,dia,dia_semana_num,dia_semana_nome,eh_final_de_semana
2024-01-01,2024,1,1,Janeiro,2024-01,1,1,Segunda,Nao
2024-01-02,2024,1,1,Janeiro,2024-01,2,2,Terca,Nao
2024-01-03,2024,1,1,Janeiro,2024-01,3,3,Quarta,Nao
2024-01-04,2024,1,1,Janeiro,2024-01,4,4,Quinta,Nao
2024-01-05,2024,1,1,Janeiro,2024-01,5,5,Sexta,Nao
2024-01-06,2024,1,1,Janeiro,2024-01,6,6,Sabado,Sim
2024-01-07,2024,1,1,Janeiro,2024-01,7,7,Domingo,Sim
2024-01-08,2024,1,1,Janeiro,2024-01,8,1,Segunda,Nao
2024-01-09,2024,1,1,Janeiro,2024-01,9,2,Terca,Nao
2024-01-10,2024,1,1,Janeiro,2024-01,10,3,Quarta,Nao
2024-01-11,2024,1,1,Janeiro,2024-01,11,4,Quinta,Nao
2024-01-12,2024,1,1,Janeiro,2024-01,12,5,Sexta,Nao
2024-01-13,2024,1,1,Janeiro,2024-01,13,6,Sabado,Sim
2024-01-14,2024,1,1,Janeiro,2024-01,14,7,Domingo,Sim
2024-01-15,2024,1,1,Janeiro,2024-01,15,1,Segunda,Nao
2024-01-16,2024,1,1,Janeiro,2024-01,16,2,Terca,Nao
2024-01-17,2024,1,1,Janeiro,2024-01,17,3,Quarta,Nao
2024-01-18,2024,1,1,Janeiro,2024-01,18,4,Quinta,Nao
2024-01-19,2024,1,1,Janeiro,2024-01,19,5,Sexta,Nao
2024-01-20,2024,1,1,Janeiro,2024-01,20,6,Sabado,Sim
2024-01-21,2024,1,1,Janeiro,2024-01,21,7,Domingo,Sim
2024-01-22,2024,1,1,Janeiro,2024-01,22,1,Segunda,Nao
2024-01-23,2024,1,1,Janeiro,2024-01,23,2,Terca,Nao
2024-01-24,2024,1,1,Janeiro,2024-01,24,3,Quarta,Nao
2024-01-25,2024,1,1,Janeiro,2024-01,25,4,Quinta,Nao
2024-01-26,2024,1,1,Janeiro,2024-01,26,5,Sexta,Nao
2024-01-27,2024,1,1,Janeiro,2024-01,27,6,Sabado,Sim
2024-01-28,2024,1,1,Janeiro,2024-01,28,7,Domingo,Sim
2024-01-29,2024,1,1,Janeiro,2024-01,29,1,Segunda,Nao
2024-01-30,2024,1,1,Janeiro,2024-01,30,2,Terca,Nao
2024-01-31,2024,1,1,Janeiro,2024-01,31,3,Quarta,Nao
2024-02-01,2024,1,2,Fevereiro,2024-02,1,4,Quinta,Nao
2024-02-02,2024,1,2,Fevereiro,2024-02,2,5,Sexta,Nao
2024-02-03,2024,1,2,Fevereiro,2024-02,3,6,Sabado,Sim
2024-02-04,2024,1,2,Fevereiro,2024-02,4,7,Domingo,Sim
2024-02-05,2024,1,2,Fevereiro,2024-02,5,1,Segunda,Nao
2024-02-06,2024,1,2,Fevereiro,2024-02,6,2,Terca,Nao
2024-02-07,2024,1,2,Fevereiro,2024-02,7,3,Quarta,Nao
2024-02-08,2024,1,2,Fevereiro,2024-02,8,4,Quinta,Nao
2024-02-09,2024,1,2,Fevereiro,2024-02,9,5,Sexta,Nao
2024-02-10,2024,1,2,Fevereiro,2024-02,10,6,Sabado,Sim
2024-02-11,2024,1,2,Fevereiro,2024-02,11,7,Domingo,Sim
2024-02-12,2024,1,2,Fevereiro,2024-02,12,1,Segunda,Nao
2024-02-13,2024,1,2,Fevereiro,2024-02,13,2,Terca,Nao
2024-02-14,2024,1,2,Fevereiro,2024-02,14,3,Quarta,Nao
2024-02-15,2024,1,2,Fevereiro,2024-02,15,4,Quinta,Nao
2024-02-16,2024,1,2,Fevereiro,2024-02,16,5,Sexta,Nao
2024-02-17,2024,1,2,Fevereiro,2024-02,17,6,Sabado,Sim
2024-02-18,2024,1,2,Fevereiro,2024-02,18,7,Domingo,Sim
2024-02-19,2024,1,2,Fevereiro,2024-02,19,1,Segunda,Nao
2024-02-20,2024,1,2,Fevereiro,2024-02,20,2,Terca,Nao
2024-02-21,2024,1,2,Fevereiro,2024-02,21,3,Quarta,Nao
2024-02-22,2024,1,2,Fevereiro,2024-02,22,4,Quinta,Nao
2024-02-23,2024,1,2,Fevereiro,2024-02,23,5,Sexta,Nao
2024-02-24,2024,1,2,Fevereiro,2024-02,24,6,Sabado,Sim
2024-02-25,2024,1,2,Fevereiro,2024-02,25,7,Domingo,Sim
2024-02-26,2024,1,2,Fevereiro,2024-02,26,1,Segunda,Nao
2024-02-27,2024,1,2,Fevereiro,2024-02,27,2,Terca,Nao
2024-02-28,2024,1,2,Fevereiro,2024-02,28,3,Quarta,Nao
2024-02-29,2024,1,2,Fevereiro,2024-02,29,4,Quinta,Nao
2024-03-01,2024,1,3,Marco,2024-03,1,5,Sexta,Nao
2024-03-02,2024,1,3,Marco,2024-03,2,6,Sabado,Sim
2024-03-03,2024,1,3,Marco,2024-03,3,7,Domingo,Sim
2024-03-04,2024,1,3,Marco,2024-03,4,1,Segunda,Nao
2024-03-05,2024,1,3,Marco,2024-03,5,2,Terca,Nao
2024-03-06,2024,1,3,Marco,2024-03,6,3,Quarta,Nao
2024-03-07,2024,1,3,Marco,2024-03,7,4,Quinta,Nao
2024-03-08,2024,1,3,Marco,2024-03,8,5,Sexta,Nao
2024-03-09,2024,1,3,Marco,2024-03,9,6,Sabado,Sim
2024-03-10,2024,1,3,Marco,2024-03,10,7,Domingo,Sim
2024-03-11,2024,1,3,Marco,2024-03,11,1,Segunda,Nao
2024-03-12,2024,1,3,Marco,2024-03,12,2,Terca,Nao
2024-03-13,2024,1,3,Marco,2024-03,13,3,Quarta,Nao
2024-03-14,2024,1,3,Marco,2024-03,14,4,Quinta,Nao
2024-03-15,2024,1,3,Marco,2024-03,15,5,Sexta,Nao
2024-03-16,2024,1,3,Marco,2024-03,16,6,Sabado,Sim
2024-03-17,2024,1,3,Marco,2024-03,17,7,Domingo,Sim
2024-03-18,2024,1,3,Marco,2024-03,18,1,Segunda,Nao
2024-03-19,2024,1,3,Marco,2024-03,19,2,Terca,Nao
2024-03-20,2024,1,3,Marco,2024-03,20,3,Quarta,Nao
2024-03-21,2024,1,3,Marco,2024-03,21,4,Quinta,Nao
2024-03-22,2024,1,3,Marco,2024-03,22,5,Sexta,Nao
2024-03-23,2024,1,3,Marco,2024-03,23,6,Sabado,Sim
2024-03-24,2024,1,3,Marco,2024-03,24,7,Domingo,Sim
2024-03-25,2024,1,3,Marco,2024-03,25,1,Segunda,Nao
2024-03-26,2024,1,3,Marco,2024-03,26,2,Terca,Nao
2024-03-27,2024,1,3,Marco,2024-03,27,3,Quarta,Nao
2024-03-28,2024,1,3,Marco,2024-03,28,4,Quinta,Nao
2024-03-29,2024,1,3,Marco,2024-03,29,5,Sexta,Nao
2024-03-30,2024,1,3,Marco,2024-03,30,6,Sabado,Sim
2024-03-31,2024,1,3,Marco,2024-03,31,7,Domingo,Sim
2024-04-01,2024,2,4,Abril,2024-04,1,1,Segunda,Nao
2024-04-02,2024,2,4,Abril,2024-04,2,2,Terca,Nao
2024-04-03,2024,2,4,Abril,2024-04,3,3,Quarta,Nao
2024-04-04,2024,2,4,Abril,2024-04,4,4,Quinta,Nao
2024-04-05,2024,2,4,Abril,2024-04,5,5,Sexta,Nao
2024-04-06,2024,2,4,Abril,2024-04,6,6,Sabado,Sim
2024-04-07,2024,2,4,Abril,2024-04,7,7,Domingo,Sim
2024-04-08,2024,2,4,Abril,2024-04,8,1,Segunda,Nao
2024-04-09,2024,2,4,Abril,2024-04,9,2,Terca,Nao
2024-04-10,2024,2,4,Abril,2024-04,10,3,Quarta,Nao
2024-04-11,2024,2,4,Abril,2024-04,11,4,Quinta,Nao
2024-04-12,2024,2,4,Abril,2024-04,12,5,Sexta,Nao
2024-04-13,2024,2,4,Abril,2024-04,13,6,Sabado,Sim
2024-04-14,2024,2,4,Abril,2024-04,14,7,Domingo,Sim
2024-04-15,2024,2,4,Abril,2024-04,15,1,Segunda,Nao
2024-04-16,2024,2,4,Abril,2024-04,16,2,Terca,Nao
2024-04-17,2024,2,4,Abril,2024-04,17,3,Quarta,Nao
2024-04-18,2024,2,4,Abril,2024-04,18,4,Quinta,Nao
2024-04-19,2024,2,4,Abril,2024-04,19,5,Sexta,Nao
2024-04-20,2024,2,4,Abril,2024-04,20,6,Sabado,Sim
2024-04-21,2024,2,4,Abril,2024-04,21,7,Domingo,Sim
2024-04-22,2024,2,4,Abril,2024-04,22,1,Segunda,Nao
2024-04-23,2024,2,4,Abril,2024-04,23,2,Terca,Nao
2024-04-24,2024,2,4,Abril,2024-04,24,3,Quarta,Nao
2024-04-25,2024,2,4,Abril,2024-04,25,4,Quinta,Nao
2024-04-26,2024,2,4,Abril,2024-04,26,5,Sexta,Nao
2024-04-27,2024,2,4,Abril,2024-04,27,6,Sabado,Sim
2024-04-28,2024,2,4,Abril,2024-04,28,7,Domingo,Sim
2024-04-29,2024,2,4,Abril,2024-04,29,1,Segunda,Nao
2024-04-30,2024,2,4,Abril,2024-04,30,2,Terca,Nao
2024-05-01,2024,2,5,Maio,2024-05,1,3,Quarta,Nao
2024-05-02,2024,2,5,Maio,2024-05,2,4,Quinta,Nao
2024-05-03,2024,2,5,Maio,2024-05,3,5,Sexta,Nao
2024-05-04,2024,2,5,Maio,2024-05,4,6,Sabado,Sim
2024-05-05,2024,2,5,Maio,2024-05,5,7,Domingo,Sim
2024-05-06,2024,2,5,Maio,2024-05,6,1,Segunda,Nao
2024-05-07,2024,2,5,Maio,2024-05,7,2,Terca,Nao
2024-05-08,2024,2,5,Maio,2024-05,8,3,Quarta,Nao
2024-05-09,2024,2,5,Maio,2024-05,9,4,Quinta,Nao
2024-05-10,2024,2,5,Maio,2024-05,10,5,Sexta,Nao
2024-05-11,2024,2,5,Maio,2024-05,11,6,Sabado,Sim
2024-05-12,2024,2,5,Maio,2024-05,12,7,Domingo,Sim
2024-05-13,2024,2,5,Maio,2024-05,13,1,Segunda,Nao
2024-05-14,2024,2,5,Maio,2024-05,14,2,Terca,Nao
2024-05-15,2024,2,5,Maio,2024-05,15,3,Quarta,Nao
2024-05-16,2024,2,5,Maio,2024-05,16,4,Quinta,Nao
2024-05-17,2024,2,5,Maio,2024-05,17,5,Sexta,Nao
2024-05-18,2024,2,5,Maio,2024-05,18,6,Sabado,Sim
2024-05-19,2024,2,5,Maio,2024-05,19,7,Domingo,Sim
2024-05-20,2024,2,5,Maio,2024-05,20,1,Segunda,Nao
2024-05-21,2024,2,5,Maio,2024-05,21,2,Terca,Nao
2024-05-22,2024,2,5,Maio,2024-05,22,3,Quarta,Nao
2024-05-23,2024,2,5,Maio,2024-05,23,4,Quinta,Nao
2024-05-24,2024,2,5,Maio,2024-05,24,5,Sexta,Nao
2024-05-25,2024,2,5,Maio,2024-05,25,6,Sabado,Sim
2024-05-26,2024,2,5,Maio,2024-05,26,7,Domingo,Sim
2024-05-27,2024,2,5,Maio,2024-05,27,1,Segunda,Nao
2024-05-28,2024,2,5,Maio,2024-05,28,2,Terca,Nao
2024-05-29,2024,2,5,Maio,2024-05,29,3,Quarta,Nao
2024-05-30,2024,2,5,Maio,2024-05,30,4,Quinta,Nao
2024-05-31,2024,2,5,Maio,2024-05,31,5,Sexta,Nao
2024-06-01,2024,2,6,Junho,2024-06,1,6,Sabado,Sim
2024-06-02,2024,2,6,Junho,2024-06,2,7,Domingo,Sim
2024-06-03,2024,2,6,Junho,2024-06,3,1,Segunda,Nao
2024-06-04,2024,2,6,Junho,2024-06,4,2,Terca,Nao
2024-06-05,2024,2,6,Junho,2024-06,5,3,Quarta,Nao
2024-06-06,2024,2,6,Junho,2024-06,6,4,Quinta,Nao
2024-06-07,2024,2,6,Junho,2024-06,7,5,Sexta,Nao
2024-06-08,2024,2,6,Junho,2024-06,8,6,Sabado,Sim
2024-06-09,2024,2,6,Junho,2024-06,9,7,Domingo,Sim
2024-06-10,2024,2,6,Junho,2024-06,10,1,Segunda,Nao
2024-06-11,2024,2,6,Junho,2024-06,11,2,Terca,Nao
2024-06-12,2024,2,6,Junho,2024-06,12,3,Quarta,Nao
2024-06-13,2024,2,6,Junho,2024-06,13,4,Quinta,Nao
2024-06-14,2024,2,6,Junho,2024-06,14,5,Sexta,Nao
2024-06-15,2024,2,6,Junho,2024-06,15,6,Sabado,Sim
2024-06-16,2024,2,6,Junho,2024-06,16,7,Domingo,Sim
2024-06-17,2024,2,6,Junho,2024-06,17,1,Segunda,Nao
2024-06-18,2024,2,6,Junho,2024-06,18,2,Terca,Nao
2024-06-19,2024,2,6,Junho,2024-06,19,3,Quarta,Nao
2024-06-20,2024,2,6,Junho,2024-06,20,4,Quinta,Nao
2024-06-21,2024,2,6,Junho,2024-06,21,5,Sexta,Nao
2024-06-22,2024,2,6,Junho,2024-06,22,6,Sabado,Sim
2024-06-23,2024,2,6,Junho,2024-06,23,7,Domingo,Sim
2024-06-24,2024,2,6,Junho,2024-06,24,1,Segunda,Nao
2024-06-25,2024,2,6,Junho,2024-06,25,2,Terca,Nao
2024-06-26,2024,2,6,Junho,2024-06,26,3,Quarta,Nao
2024-06-27,2024,2,6,Junho,2024-06,27,4,Quinta,Nao
2024-06-28,2024,2,6,Junho,2024-06,28,5,Sexta,Nao
2024-06-29,2024,2,6,Junho,2024-06,29,6,Sabado,Sim
2024-06-30,2024,2,6,Junho,2024-06,30,7,Domingo,Sim
2024-07-01,2024,3,7,Julho,2024-07,1,1,Segunda,Nao
2024-07-02,2024,3,7,Julho,2024-07,2,2,Terca,Nao
2024-07-03,2024,3,7,Julho,2024-07,3,3,Quarta,Nao
2024-07-04,2024,3,7,Julho,2024-07,4,4,Quinta,Nao
2024-07-05,2024,3,7,Julho,2024-07,5,5,Sexta,Nao
2024-07-06,2024,3,7,Julho,2024-07,6,6,Sabado,Sim
2024-07-07,2024,3,7,Julho,2024-07,7,7,Domingo,Sim
2024-07-08,2024,3,7,Julho,2024-07,8,1,Segunda,Nao
2024-07-09,2024,3,7,Julho,2024-07,9,2,Terca,Nao
2024-07-10,2024,3,7,Julho,2024-07,10,3,Quarta,Nao
2024-07-11,2024,3,7,Julho,2024-07,11,4,Quinta,Nao
2024-07-12,2024,3,7,Julho,2024-07,12,5,Sexta,Nao
2024-07-13,2024,3,7,Julho,2024-07,13,6,Sabado,Sim
2024-07-14,2024,3,7,Julho,2024-07,14,7,Domingo,Sim
2024-07-15,2024,3,7,Julho,2024-07,15,1,Segunda,Nao
2024-07-16,2024,3,7,Julho,2024-07,16,2,Terca,Nao
2024-07-17,2024,3,7,Julho,2024-07,17,3,Quarta,Nao
2024-07-18,2024,3,7,Julho,2024-07,18,4,Quinta,Nao
2024-07-19,2024,3,7,Julho,2024-07,19,5,Sexta,Nao
2024-07-20,2024,3,7,Julho,2024-07,20,6,Sabado,Sim
2024-07-21,2024,3,7,Julho,2024-07,21,7,Domingo,Sim
2024-07-22,2024,3,7,Julho,2024-07,22,1,Segunda,Nao
2024-07-23,2024,3,7,Julho,2024-07,23,2,Terca,Nao
2024-07-24,2024,3,7,Julho,2024-07,24,3,Quarta,Nao
2024-07-25,2024,3,7,Julho,2024-07,25,4,Quinta,Nao
2024-07-26,2024,3,7,Julho,2024-07,26,5,Sexta,Nao
2024-07-27,2024,3,7,Julho,2024-07,27,6,Sabado,Sim
2024-07-28,2024,3,7,Julho,2024-07,28,7,Domingo,Sim
2024-07-29,2024,3,7,Julho,2024-07,29,1,Segunda,Nao
2024-07-30,2024,3,7,Julho,2024-07,30,2,Terca,Nao
2024-07-31,2024,3,7,Julho,2024-07,31,3,Quarta,Nao
2024-08-01,2024,3,8,Agosto,2024-08,1,4,Quinta,Nao
2024-08-02,2024,3,8,Agosto,2024-08,2,5,Sexta,Nao
2024-08-03,2024,3,8,Agosto,2024-08,3,6,Sabado,Sim
2024-08-04,2024,3,8,Agosto,2024-08,4,7,Domingo,Sim
2024-08-05,2024,3,8,Agosto,2024-08,5,1,Segunda,Nao
2024-08-06,2024,3,8,Agosto,2024-08,6,2,Terca,Nao
2024-08-07,2024,3,8,Agosto,2024-08,7,3,Quarta,Nao
2024-08-08,2024,3,8,Agosto,2024-08,8,4,Quinta,Nao
2024-08-09,2024,3,8,Agosto,2024-08,9,5,Sexta,Nao
2024-08-10,2024,3,8,Agosto,2024-08,10,6,Sabado,Sim
2024-08-11,2024,3,8,Agosto,2024-08,11,7,Domingo,Sim
2024-08-12,2024,3,8,Agosto,2024-08,12,1,Segunda,Nao
2024-08-13,2024,3,8,Agosto,2024-08,13,2,Terca,Nao
2024-08-14,2024,3,8,Agosto,2024-08,14,3,Quarta,Nao
2024-08-15,2024,3,8,Agosto,2024-08,15,4,Quinta,Nao
2024-08-16,2024,3,8,Agosto,2024-08,16,5,Sexta,Nao
2024-08-17,2024,3,8,Agosto,2024-08,17,6,Sabado,Sim
2024-08-18,2024,3,8,Agosto,2024-08,18,7,Domingo,Sim
2024-08-19,2024,3,8,Agosto,2024-08,19,1,Segunda,Nao
2024-08-20,2024,3,8,Agosto,2024-08,20,2,Terca,Nao
2024-08-21,2024,3,8,Agosto,2024-08,21,3,Quarta,Nao
2024-08-22,2024,3,8,Agosto,2024-08,22,4,Quinta,Nao
2024-08-23,2024,3,8,Agosto,2024-08,23,5,Sexta,Nao
2024-08-24,2024,3,8,Agosto,2024-08,24,6,Sabado,Sim
2024-08-25,2024,3,8,Agosto,2024-08,25,7,Domingo,Sim
2024-08-26,2024,3,8,Agosto,2024-08,26,1,Segunda,Nao
2024-08-27,2024,3,8,Agosto,2024-08,27,2,Terca,Nao
2024-08-28,2024,3,8,Agosto,2024-08,28,3,Quarta,Nao
2024-08-29,2024,3,8,Agosto,2024-08,29,4,Quinta,Nao
2024-08-30,2024,3,8,Agosto,2024-08,30,5,Sexta,Nao
2024-08-31,2024,3,8,Agosto,2024-08,31,6,Sabado,Sim
2024-09-01,2024,3,9,Setembro,2024-09,1,7,Domingo,Sim
2024-09-02,2024,3,9,Setembro,2024-09,2,1,Segunda,Nao
2024-09-03,2024,3,9,Setembro,2024-09,3,2,Terca,Nao
2024-09-04,2024,3,9,Setembro,2024-09,4,3,Quarta,Nao
2024-09-05,2024,3,9,Setembro,2024-09,5,4,Quinta,Nao
2024-09-06,2024,3,9,Setembro,2024-09,6,5,Sexta,Nao
2024-09-07,2024,3,9,Setembro,2024-09,7,6,Sabado,Sim
2024-09-08,2024,3,9,Setembro,2024-09,8,7,Domingo,Sim
2024-09-09,2024,3,9,Setembro,2024-09,9,1,Segunda,Nao
2024-09-10,2024,3,9,Setembro,2024-09,10,2,Terca,Nao
2024-09-11,2024,3,9,Setembro,2024-09,11,3,Quarta,Nao
2024-09-12,2024,3,9,Setembro,2024-09,12,4,Quinta,Nao
2024-09-13,2024,3,9,Setembro,2024-09,13,5,Sexta,Nao
2024-09-14,2024,3,9,Setembro,2024-09,14,6,Sabado,Sim
2024-09-15,2024,3,9,Setembro,2024-09,15,7,Domingo,Sim
2024-09-16,2024,3,9,Setembro,2024-09,16,1,Segunda,Nao
2024-09-17,2024,3,9,Setembro,2024-09,17,2,Terca,Nao
2024-09-18,2024,3,9,Setembro,2024-09,18,3,Quarta,Nao
2024-09-19,2024,3,9,Setembro,2024-09,19,4,Quinta,Nao
2024-09-20,2024,3,9,Setembro,2024-09,20,5,Sexta,Nao
2024-09-21,2024,3,9,Setembro,2024-09,21,6,Sabado,Sim
2024-09-22,2024,3,9,Setembro,2024-09,22,7,Domingo,Sim
2024-09-23,2024,3,9,Setembro,2024-09,23,1,Segunda,Nao
2024-09-24,2024,3,9,Setembro,2024-09,24,2,Terca,Nao
2024-09-25,2024,3,9,Setembro,2024-09,25,3,Quarta,Nao
2024-09-26,2024,3,9,Setembro,2024-09,26,4,Quinta,Nao
2024-09-27,2024,3,9,Setembro,2024-09,27,5,Sexta,Nao
2024-09-28,2024,3,9,Setembro,2024-09,28,6,Sabado,Sim
2024-09-29,2024,3,9,Setembro,2024-09,29,7,Domingo,Sim
2024-09-30,2024,3,9,Setembro,2024-09,30,1,Segunda,Nao
2024-10-01,2024,4,10,Outubro,2024-10,1,2,Terca,Nao
2024-10-02,2024,4,10,Outubro,2024-10,2,3,Quarta,Nao
2024-10-03,2024,4,10,Outubro,2024-10,3,4,Quinta,Nao
2024-10-04,2024,4,10,Outubro,2024-10,4,5,Sexta,Nao
2024-10-05,2024,4,10,Outubro,2024-10,5,6,Sabado,Sim
2024-10-06,2024,4,10,Outubro,2024-10,6,7,Domingo,Sim
2024-10-07,2024,4,10,Outubro,2024-10,7,1,Segunda,Nao
2024-10-08,2024,4,10,Outubro,2024-10,8,2,Terca,Nao
2024-10-09,2024,4,10,Outubro,2024-10,9,3,Quarta,Nao
2024-10-10,2024,4,10,Outubro,2024-10,10,4,Quinta,Nao
2024-10-11,2024,4,10,Outubro,2024-10,11,5,Sexta,Nao
2024-10-12,2024,4,10,Outubro,2024-10,12,6,Sabado,Sim
2024-10-13,2024,4,10,Outubro,2024-10,13,7,Domingo,Sim
2024-10-14,2024,4,10,Outubro,2024-10,14,1,Segunda,Nao
2024-10-15,2024,4,10,Outubro,2024-10,15,2,Terca,Nao
2024-10-16,2024,4,10,Outubro,2024-10,16,3,Quarta,Nao
2024-10-17,2024,4,10,Outubro,2024-10,17,4,Quinta,Nao
2024-10-18,2024,4,10,Outubro,2024-10,18,5,Sexta,Nao
2024-10-19,2024,4,10,Outubro,2024-10,19,6,Sabado,Sim
2024-10-20,2024,4,10,Outubro,2024-10,20,7,Domingo,Sim
2024-10-21,2024,4,10,Outubro,2024-10,21,1,Segunda,Nao
2024-10-22,2024,4,10,Outubro,2024-10,22,2,Terca,Nao
2024-10-23,2024,4,10,Outubro,2024-10,23,3,Quarta,Nao
2024-10-24,2024,4,10,Outubro,2024-10,24,4,Quinta,Nao
2024-10-25,2024,4,10,Outubro,2024-10,25,5,Sexta,Nao
2024-10-26,2024,4,10,Outubro,2024-10,26,6,Sabado,Sim
2024-10-27,2024,4,10,Outubro,2024-10,27,7,Domingo,Sim
2024-10-28,2024,4,10,Outubro,2024-10,28,1,Segunda,Nao
2024-10-29,2024,4,10,Outubro,2024-10,29,2,Terca,Nao
2024-10-30,2024,4,10,Outubro,2024-10,30,3,Quarta,Nao
2024-10-31,2024,4,10,Outubro,2024-10,31,4,Quinta,Nao
2024-11-01,2024,4,11,Novembro,2024-11,1,5,Sexta,Nao
2024-11-02,2024,4,11,Novembro,2024-11,2,6,Sabado,Sim
2024-11-03,2024,4,11,Novembro,2024-11,3,7,Domingo,Sim
2024-11-04,2024,4,11,Novembro,2024-11,4,1,Segunda,Nao
2024-11-05,2024,4,11,Novembro,2024-11,5,2,Terca,Nao
2024-11-06,2024,4,11,Novembro,2024-11,6,3,Quarta,Nao
2024-11-07,2024,4,11,Novembro,2024-11,7,4,Quinta,Nao
2024-11-08,2024,4,11,Novembro,2024-11,8,5,Sexta,Nao
2024-11-09,2024,4,11,Novembro,2024-11,9,6,Sabado,Sim
2024-11-10,2024,4,11,Novembro,2024-11,10,7,Domingo,Sim
2024-11-11,2024,4,11,Novembro,2024-11,11,1,Segunda,Nao
2024-11-12,2024,4,11,Novembro,2024-11,12,2,Terca,Nao
2024-11-13,2024,4,11,Novembro,2024-11,13,3,Quarta,Nao
2024-11-14,2024,4,11,Novembro,2024-11,14,4,Quinta,Nao
2024-11-15,2024,4,11,Novembro,2024-11,15,5,Sexta,Nao
2024-11-16,2024,4,11,Novembro,2024-11,16,6,Sabado,Sim
2024-11-17,2024,4,11,Novembro,2024-11,17,7,Domingo,Sim
2024-11-18,2024,4,11,Novembro,2024-11,18,1,Segunda,Nao
2024-11-19,2024,4,11,Novembro,2024-11,19,2,Terca,Nao
2024-11-20,2024,4,11,Novembro,2024-11,20,3,Quarta,Nao
2024-11-21,2024,4,11,Novembro,2024-11,21,4,Quinta,Nao
2024-11-22,2024,4,11,Novembro,2024-11,22,5,Sexta,Nao
2024-11-23,2024,4,11,Novembro,2024-11,23,6,Sabado,Sim
2024-11-24,2024,4,11,Novembro,2024-11,24,7,Domingo,Sim
2024-11-25,2024,4,11,Novembro,2024-11,25,1,Segunda,Nao
2024-11-26,2024,4,11,Novembro,2024-11,26,2,Terca,Nao
2024-11-27,2024,4,11,Novembro,2024-11,27,3,Quarta,Nao
2024-11-28,2024,4,11,Novembro,2024-11,28,4,Quinta,Nao
2024-11-29,2024,4,11,Novembro,2024-11,29,5,Sexta,Nao
2024-11-30,2024,4,11,Novembro,2024-11,30,6,Sabado,Sim
2024-12-01,2024,4,12,Dezembro,2024-12,1,7,Domingo,Sim
2024-12-02,2024,4,12,Dezembro,2024-12,2,1,Segunda,Nao
2024-12-03,2024,4,12,Dezembro,2024-12,3,2,Terca,Nao
2024-12-04,2024,4,12,Dezembro,2024-12,4,3,Quarta,Nao
2024-12-05,2024,4,12,Dezembro,2024-12,5,4,Quinta,Nao
2024-12-06,2024,4,12,Dezembro,2024-12,6,5,Sexta,Nao
2024-12-07,2024,4,12,Dezembro,2024-12,7,6,Sabado,Sim
2024-12-08,2024,4,12,Dezembro,2024-12,8,7,Domingo,Sim
2024-12-09,2024,4,12,Dezembro,2024-12,9,1,Segunda,Nao
2024-12-10,2024,4,12,Dezembro,2024-12,10,2,Terca,Nao
2024-12-11,2024,4,12,Dezembro,2024-12,11,3,Quarta,Nao
2024-12-12,2024,4,12,Dezembro,2024-12,12,4,Quinta,Nao
2024-12-13,2024,4,12,Dezembro,2024-12,13,5,Sexta,Nao
2024-12-14,2024,4,12,Dezembro,2024-12,14,6,Sabado,Sim
2024-12-15,2024,4,12,Dezembro,2024-12,15,7,Domingo,Sim
2024-12-16,2024,4,12,Dezembro,2024-12,16,1,Segunda,Nao
2024-12-17,2024,4,12,Dezembro,2024-12,17,2,Terca,Nao
2024-12-18,2024,4,12,Dezembro,2024-12,18,3,Quarta,Nao
2024-12-19,2024,4,12,Dezembro,2024-12,19,4,Quinta,Nao
2024-12-20,2024,4,12,Dezembro,2024-12,20,5,Sexta,Nao
2024-12-21,2024,4,12,Dezembro,2024-12,21,6,Sabado,Sim
2024-12-22,2024,4,12,Dezembro,2024-12,22,7,Domingo,Sim
2024-12-23,2024,4,12,Dezembro,2024-12,23,1,Segunda,Nao
2024-12-24,2024,4,12,Dezembro,2024-12,24,2,Terca,Nao
2024-12-25,2024,4,12,Dezembro,2024-12,25,3,Quarta,Nao
2024-12-26,2024,4,12,Dezembro,2024-12,26,4,Quinta,Nao
2024-12-27,2024,4,12,Dezembro,2024-12,27,5,Sexta,Nao
2024-12-28,2024,4,12,Dezembro,2024-12,28,6,Sabado,Sim
2024-12-29,2024,4,12,Dezembro,2024-12,29,7,Domingo,Sim
2024-12-30,2024,4,12,Dezembro,2024-12,30,1,Segunda,Nao
2024-12-31,2024,4,12,Dezembro,2024-12,31,2,Terca,Nao
2025-01-01,2025,1,1,Janeiro,2025-01,1,3,Quarta,Nao
2025-01-02,2025,1,1,Janeiro,2025-01,2,4,Quinta,Nao
2025-01-03,2025,1,1,Janeiro,2025-01,3,5,Sexta,Nao
2025-01-04,2025,1,1,Janeiro,2025-01,4,6,Sabado,Sim
2025-01-05,2025,1,1,Janeiro,2025-01,5,7,Domingo,Sim
2025-01-06,2025,1,1,Janeiro,2025-01,6,1,Segunda,Nao
2025-01-07,2025,1,1,Janeiro,2025-01,7,2,Terca,Nao
2025-01-08,2025,1,1,Janeiro,2025-01,8,3,Quarta,Nao
2025-01-09,2025,1,1,Janeiro,2025-01,9,4,Quinta,Nao
2025-01-10,2025,1,1,Janeiro,2025-01,10,5,Sexta,Nao
2025-01-11,2025,1,1,Janeiro,2025-01,11,6,Sabado,Sim
2025-01-12,2025,1,1,Janeiro,2025-01,12,7,Domingo,Sim
2025-01-13,2025,1,1,Janeiro,2025-01,13,1,Segunda,Nao
2025-01-14,2025,1,1,Janeiro,2025-01,14,2,Terca,Nao
2025-01-15,2025,1,1,Janeiro,2025-01,15,3,Quarta,Nao
2025-01-16,2025,1,1,Janeiro,2025-01,16,4,Quinta,Nao
2025-01-17,2025,1,1,Janeiro,2025-01,17,5,Sexta,Nao
2025-01-18,2025,1,1,Janeiro,2025-01,18,6,Sabado,Sim
2025-01-19,2025,1,1,Janeiro,2025-01,19,7,Domingo,Sim
2025-01-20,2025,1,1,Janeiro,2025-01,20,1,Segunda,Nao
2025-01-21,2025,1,1,Janeiro,2025-01,21,2,Terca,Nao
2025-01-22,2025,1,1,Janeiro,2025-01,22,3,Quarta,Nao
2025-01-23,2025,1,1,Janeiro,2025-01,23,4,Quinta,Nao
2025-01-24,2025,1,1,Janeiro,2025-01,24,5,Sexta,Nao
2025-01-25,2025,1,1,Janeiro,2025-01,25,6,Sabado,Sim
2025-01-26,2025,1,1,Janeiro,2025-01,26,7,Domingo,Sim
2025-01-27,2025,1,1,Janeiro,2025-01,27,1,Segunda,Nao
2025-01-28,2025,1,1,Janeiro,2025-01,28,2,Terca,Nao
2025-01-29,2025,1,1,Janeiro,2025-01,29,3,Quarta,Nao
2025-01-30,2025,1,1,Janeiro,2025-01,30,4,Quinta,Nao
2025-01-31,2025,1,1,Janeiro,2025-01,31,5,Sexta,Nao
2025-02-01,2025,1,2,Fevereiro,2025-02,1,6,Sabado,Sim
2025-02-02,2025,1,2,Fevereiro,2025-02,2,7,Domingo,Sim
2025-02-03,2025,1,2,Fevereiro,2025-02,3,1,Segunda,Nao
2025-02-04,2025,1,2,Fevereiro,2025-02,4,2,Terca,Nao
2025-02-05,2025,1,2,Fevereiro,2025-02,5,3,Quarta,Nao
2025-02-06,2025,1,2,Fevereiro,2025-02,6,4,Quinta,Nao
2025-02-07,2025,1,2,Fevereiro,2025-02,7,5,Sexta,Nao
2025-02-08,2025,1,2,Fevereiro,2025-02,8,6,Sabado,Sim
2025-02-09,2025,1,2,Fevereiro,2025-02,9,7,Domingo,Sim
2025-02-10,2025,1,2,Fevereiro,2025-02,10,1,Segunda,Nao
2025-02-11,2025,1,2,Fevereiro,2025-02,11,2,Terca,Nao
2025-02-12,2025,1,2,Fevereiro,2025-02,12,3,Quarta,Nao
2025-02-13,2025,1,2,Fevereiro,2025-02,13,4,Quinta,Nao
2025-02-14,2025,1,2,Fevereiro,2025-02,14,5,Sexta,Nao
2025-02-15,2025,1,2,Fevereiro,2025-02,15,6,Sabado,Sim
2025-02-16,2025,1,2,Fevereiro,2025-02,16,7,Domingo,Sim
2025-02-17,2025,1,2,Fevereiro,2025-02,17,1,Segunda,Nao
2025-02-18,2025,1,2,Fevereiro,2025-02,18,2,Terca,Nao
2025-02-19,2025,1,2,Fevereiro,2025-02,19,3,Quarta,Nao
2025-02-20,2025,1,2,Fevereiro,2025-02,20,4,Quinta,Nao
2025-02-21,2025,1,2,Fevereiro,2025-02,21,5,Sexta,Nao
2025-02-22,2025,1,2,Fevereiro,2025-02,22,6,Sabado,Sim
2025-02-23,2025,1,2,Fevereiro,2025-02,23,7,Domingo,Sim
2025-02-24,2025,1,2,Fevereiro,2025-02,24,1,Segunda,Nao
2025-02-25,2025,1,2,Fevereiro,2025-02,25,2,Terca,Nao
2025-02-26,2025,1,2,Fevereiro,2025-02,26,3,Quarta,Nao
2025-02-27,2025,1,2,Fevereiro,2025-02,27,4,Quinta,Nao
2025-02-28,2025,1,2,Fevereiro,2025-02,28,5,Sexta,Nao
2025-03-01,2025,1,3,Marco,2025-03,1,6,Sabado,Sim
2025-03-02,2025,1,3,Marco,2025-03,2,7,Domingo,Sim
2025-03-03,2025,1,3,Marco,2025-03,3,1,Segunda,Nao
2025-03-04,2025,1,3,Marco,2025-03,4,2,Terca,Nao
2025-03-05,2025,1,3,Marco,2025-03,5,3,Quarta,Nao
2025-03-06,2025,1,3,Marco,2025-03,6,4,Quinta,Nao
2025-03-07,2025,1,3,Marco,2025-03,7,5,Sexta,Nao
2025-03-08,2025,1,3,Marco,2025-03,8,6,Sabado,Sim
2025-03-09,2025,1,3,Marco,2025-03,9,7,Domingo,Sim
2025-03-10,2025,1,3,Marco,2025-03,10,1,Segunda,Nao
2025-03-11,2025,1,3,Marco,2025-03,11,2,Terca,Nao
2025-03-12,2025,1,3,Marco,2025-03,12,3,Quarta,Nao
2025-03-13,2025,1,3,Marco,2025-03,13,4,Quinta,Nao
2025-03-14,2025,1,3,Marco,2025-03,14,5,Sexta,Nao
2025-03-15,2025,1,3,Marco,2025-03,15,6,Sabado,Sim
2025-03-16,2025,1,3,Marco,2025-03,16,7,Domingo,Sim
2025-03-17,2025,1,3,Marco,2025-03,17,1,Segunda,Nao
2025-03-18,2025,1,3,Marco,2025-03,18,2,Terca,Nao
2025-03-19,2025,1,3,Marco,2025-03,19,3,Quarta,Nao
2025-03-20,2025,1,3,Marco,2025-03,20,4,Quinta,Nao
2025-03-21,2025,1,3,Marco,2025-03,21,5,Sexta,Nao
2025-03-22,2025,1,3,Marco,2025-03,22,6,Sabado,Sim
2025-03-23,2025,1,3,Marco,2025-03,23,7,Domingo,Sim
2025-03-24,2025,1,3,Marco,2025-03,24,1,Segunda,Nao
2025-03-25,2025,1,3,Marco,2025-03,25,2,Terca,Nao
2025-03-26,2025,1,3,Marco,2025-03,26,3,Quarta,Nao
2025-03-27,2025,1,3,Marco,2025-03,27,4,Quinta,Nao
2025-03-28,2025,1,3,Marco,2025-03,28,5,Sexta,Nao
2025-03-29,2025,1,3,Marco,2025-03,29,6,Sabado,Sim
2025-03-30,2025,1,3,Marco,2025-03,30,7,Domingo,Sim
2025-03-31,2025,1,3,Marco,2025-03,31,1,Segunda,Nao
2025-04-01,2025,2,4,Abril,2025-04,1,2,Terca,Nao
2025-04-02,2025,2,4,Abril,2025-04,2,3,Quarta,Nao
2025-04-03,2025,2,4,Abril,2025-04,3,4,Quinta,Nao
2025-04-04,2025,2,4,Abril,2025-04,4,5,Sexta,Nao
2025-04-05,2025,2,4,Abril,2025-04,5,6,Sabado,Sim
2025-04-06,2025,2,4,Abril,2025-04,6,7,Domingo,Sim
2025-04-07,2025,2,4,Abril,2025-04,7,1,Segunda,Nao
2025-04-08,2025,2,4,Abril,2025-04,8,2,Terca,Nao
2025-04-09,2025,2,4,Abril,2025-04,9,3,Quarta,Nao
2025-04-10,2025,2,4,Abril,2025-04,10,4,Quinta,Nao
2025-04-11,2025,2,4,Abril,2025-04,11,5,Sexta,Nao
2025-04-12,2025,2,4,Abril,2025-04,12,6,Sabado,Sim
2025-04-13,2025,2,4,Abril,2025-04,13,7,Domingo,Sim
2025-04-14,2025,2,4,Abril,2025-04,14,1,Segunda,Nao
2025-04-15,2025,2,4,Abril,2025-04,15,2,Terca,Nao
2025-04-16,2025,2,4,Abril,2025-04,16,3,Quarta,Nao
2025-04-17,2025,2,4,Abril,2025-04,17,4,Quinta,Nao
2025-04-18,2025,2,4,Abril,2025-04,18,5,Sexta,Nao
2025-04-19,2025,2,4,Abril,2025-04,19,6,Sabado,Sim
2025-04-20,2025,2,4,Abril,2025-04,20,7,Domingo,Sim
2025-04-21,2025,2,4,Abril,2025-04,21,1,Segunda,Nao
2025-04-22,2025,2,4,Abril,2025-04,22,2,Terca,Nao
2025-04-23,2025,2,4,Abril,2025-04,23,3,Quarta,Nao
2025-04-24,2025,2,4,Abril,2025-04,24,4,Quinta,Nao
2025-04-25,2025,2,4,Abril,2025-04,25,5,Sexta,Nao
2025-04-26,2025,2,4,Abril,2025-04,26,6,Sabado,Sim
2025-04-27,2025,2,4,Abril,2025-04,27,7,Domingo,Sim
2025-04-28,2025,2,4,Abril,2025-04,28,1,Segunda,Nao
2025-04-29,2025,2,4,Abril,2025-04,29,2,Terca,Nao
2025-04-30,2025,2,4,Abril,2025-04,30,3,Quarta,Nao
2025-05-01,2025,2,5,Maio,2025-05,1,4,Quinta,Nao
2025-05-02,2025,2,5,Maio,2025-05,2,5,Sexta,Nao
2025-05-03,2025,2,5,Maio,2025-05,3,6,Sabado,Sim
2025-05-04,2025,2,5,Maio,2025-05,4,7,Domingo,Sim
2025-05-05,2025,2,5,Maio,2025-05,5,1,Segunda,Nao
2025-05-06,2025,2,5,Maio,2025-05,6,2,Terca,Nao
2025-05-07,2025,2,5,Maio,2025-05,7,3,Quarta,Nao
2025-05-08,2025,2,5,Maio,2025-05,8,4,Quinta,Nao
2025-05-09,2025,2,5,Maio,2025-05,9,5,Sexta,Nao
2025-05-10,2025,2,5,Maio,2025-05,10,6,Sabado,Sim
2025-05-11,2025,2,5,Maio,2025-05,11,7,Domingo,Sim
2025-05-12,2025,2,5,Maio,2025-05,12,1,Segunda,Nao
2025-05-13,2025,2,5,Maio,2025-05,13,2,Terca,Nao
2025-05-14,2025,2,5,Maio,2025-05,14,3,Quarta,Nao
2025-05-15,2025,2,5,Maio,2025-05,15,4,Quinta,Nao
2025-05-16,2025,2,5,Maio,2025-05,16,5,Sexta,Nao
2025-05-17,2025,2,5,Maio,2025-05,17,6,Sabado,Sim
2025-05-18,2025,2,5,Maio,2025-05,18,7,Domingo,Sim
2025-05-19,2025,2,5,Maio,2025-05,19,1,Segunda,Nao
2025-05-20,2025,2,5,Maio,2025-05,20,2,Terca,Nao
2025-05-21,2025,2,5,Maio,2025-05,21,3,Quarta,Nao
2025-05-22,2025,2,5,Maio,2025-05,22,4,Quinta,Nao
2025-05-23,2025,2,5,Maio,2025-05,23,5,Sexta,Nao
2025-05-24,2025,2,5,Maio,2025-05,24,6,Sabado,Sim
2025-05-25,2025,2,5,Maio,2025-05,25,7,Domingo,Sim
2025-05-26,2025,2,5,Maio,2025-05,26,1,Segunda,Nao
2025-05-27,2025,2,5,Maio,2025-05,27,2,Terca,Nao
2025-05-28,2025,2,5,Maio,2025-05,28,3,Quarta,Nao
2025-05-29,2025,2,5,Maio,2025-05,29,4,Quinta,Nao
2025-05-30,2025,2,5,Maio,2025-05,30,5,Sexta,Nao
2025-05-31,2025,2,5,Maio,2025-05,31,6,Sabado,Sim
2025-06-01,2025,2,6,Junho,2025-06,1,7,Domingo,Sim
2025-06-02,2025,2,6,Junho,2025-06,2,1,Segunda,Nao
2025-06-03,2025,2,6,Junho,2025-06,3,2,Terca,Nao
2025-06-04,2025,2,6,Junho,2025-06,4,3,Quarta,Nao
2025-06-05,2025,2,6,Junho,2025-06,5,4,Quinta,Nao
2025-06-06,2025,2,6,Junho,2025-06,6,5,Sexta,Nao
2025-06-07,2025,2,6,Junho,2025-06,7,6,Sabado,Sim
2025-06-08,2025,2,6,Junho,2025-06,8,7,Domingo,Sim
2025-06-09,2025,2,6,Junho,2025-06,9,1,Segunda,Nao
2025-06-10,2025,2,6,Junho,2025-06,10,2,Terca,Nao
2025-06-11,2025,2,6,Junho,2025-06,11,3,Quarta,Nao
2025-06-12,2025,2,6,Junho,2025-06,12,4,Quinta,Nao
2025-06-13,2025,2,6,Junho,2025-06,13,5,Sexta,Nao
2025-06-14,2025,2,6,Junho,2025-06,14,6,Sabado,Sim
2025-06-15,2025,2,6,Junho,2025-06,15,7,Domingo,Sim
2025-06-16,2025,2,6,Junho,2025-06,16,1,Segunda,Nao
2025-06-17,2025,2,6,Junho,2025-06,17,2,Terca,Nao
2025-06-18,2025,2,6,Junho,2025-06,18,3,Quarta,Nao
2025-06-19,2025,2,6,Junho,2025-06,19,4,Quinta,Nao
2025-06-20,2025,2,6,Junho,2025-06,20,5,Sexta,Nao
2025-06-21,2025,2,6,Junho,2025-06,21,6,Sabado,Sim
2025-06-22,2025,2,6,Junho,2025-06,22,7,Domingo,Sim
2025-06-23,2025,2,6,Junho,2025-06,23,1,Segunda,Nao
2025-06-24,2025,2,6,Junho,2025-06,24,2,Terca,Nao
2025-06-25,2025,2,6,Junho,2025-06,25,3,Quarta,Nao
2025-06-26,2025,2,6,Junho,2025-06,26,4,Quinta,Nao
2025-06-27,2025,2,6,Junho,2025-06,27,5,Sexta,Nao
2025-06-28,2025,2,6,Junho,2025-06,28,6,Sabado,Sim
2025-06-29,2025,2,6,Junho,2025-06,29,7,Domingo,Sim
2025-06-30,2025,2,6,Junho,2025-06,30,1,Segunda,Nao
2025-07-01,2025,3,7,Julho,2025-07,1,2,Terca,Nao
2025-07-02,2025,3,7,Julho,2025-07,2,3,Quarta,Nao
2025-07-03,2025,3,7,Julho,2025-07,3,4,Quinta,Nao
2025-07-04,2025,3,7,Julho,2025-07,4,5,Sexta,Nao
2025-07-05,2025,3,7,Julho,2025-07,5,6,Sabado,Sim
2025-07-06,2025,3,7,Julho,2025-07,6,7,Domingo,Sim
2025-07-07,2025,3,7,Julho,2025-07,7,1,Segunda,Nao
2025-07-08,2025,3,7,Julho,2025-07,8,2,Terca,Nao
2025-07-09,2025,3,7,Julho,2025-07,9,3,Quarta,Nao
2025-07-10,2025,3,7,Julho,2025-07,10,4,Quinta,Nao
2025-07-11,2025,3,7,Julho,2025-07,11,5,Sexta,Nao
2025-07-12,2025,3,7,Julho,2025-07,12,6,Sabado,Sim
2025-07-13,2025,3,7,Julho,2025-07,13,7,Domingo,Sim
2025-07-14,2025,3,7,Julho,2025-07,14,1,Segunda,Nao
2025-07-15,2025,3,7,Julho,2025-07,15,2,Terca,Nao
2025-07-16,2025,3,7,Julho,2025-07,16,3,Quarta,Nao
2025-07-17,2025,3,7,Julho,2025-07,17,4,Quinta,Nao
2025-07-18,2025,3,7,Julho,2025-07,18,5,Sexta,Nao
2025-07-19,2025,3,7,Julho,2025-07,19,6,Sabado,Sim
2025-07-20,2025,3,7,Julho,2025-07,20,7,Domingo,Sim
2025-07-21,2025,3,7,Julho,2025-07,21,1,Segunda,Nao
2025-07-22,2025,3,7,Julho,2025-07,22,2,Terca,Nao
2025-07-23,2025,3,7,Julho,2025-07,23,3,Quarta,Nao
2025-07-24,2025,3,7,Julho,2025-07,24,4,Quinta,Nao
2025-07-25,2025,3,7,Julho,2025-07,25,5,Sexta,Nao
2025-07-26,2025,3,7,Julho,2025-07,26,6,Sabado,Sim
2025-07-27,2025,3,7,Julho,2025-07,27,7,Domingo,Sim
2025-07-28,2025,3,7,Julho,2025-07,28,1,Segunda,Nao
2025-07-29,2025,3,7,Julho,2025-07,29,2,Terca,Nao
2025-07-30,2025,3,7,Julho,2025-07,30,3,Quarta,Nao
2025-07-31,2025,3,7,Julho,2025-07,31,4,Quinta,Nao
2025-08-01,2025,3,8,Agosto,2025-08,1,5,Sexta,Nao
2025-08-02,2025,3,8,Agosto,2025-08,2,6,Sabado,Sim
2025-08-03,2025,3,8,Agosto,2025-08,3,7,Domingo,Sim
2025-08-04,2025,3,8,Agosto,2025-08,4,1,Segunda,Nao
2025-08-05,2025,3,8,Agosto,2025-08,5,2,Terca,Nao
2025-08-06,2025,3,8,Agosto,2025-08,6,3,Quarta,Nao
2025-08-07,2025,3,8,Agosto,2025-08,7,4,Quinta,Nao
2025-08-08,2025,3,8,Agosto,2025-08,8,5,Sexta,Nao
2025-08-09,2025,3,8,Agosto,2025-08,9,6,Sabado,Sim
2025-08-10,2025,3,8,Agosto,2025-08,10,7,Domingo,Sim
2025-08-11,2025,3,8,Agosto,2025-08,11,1,Segunda,Nao
2025-08-12,2025,3,8,Agosto,2025-08,12,2,Terca,Nao
2025-08-13,2025,3,8,Agosto,2025-08,13,3,Quarta,Nao
2025-08-14,2025,3,8,Agosto,2025-08,14,4,Quinta,Nao
2025-08-15,2025,3,8,Agosto,2025-08,15,5,Sexta,Nao
2025-08-16,2025,3,8,Agosto,2025-08,16,6,Sabado,Sim
2025-08-17,2025,3,8,Agosto,2025-08,17,7,Domingo,Sim
2025-08-18,2025,3,8,Agosto,2025-08,18,1,Segunda,Nao
2025-08-19,2025,3,8,Agosto,2025-08,19,2,Terca,Nao
2025-08-20,2025,3,8,Agosto,2025-08,20,3,Quarta,Nao
2025-08-21,2025,3,8,Agosto,2025-08,21,4,Quinta,Nao
2025-08-22,2025,3,8,Agosto,2025-08,22,5,Sexta,Nao
2025-08-23,2025,3,8,Agosto,2025-08,23,6,Sabado,Sim
2025-08-24,2025,3,8,Agosto,2025-08,24,7,Domingo,Sim
2025-08-25,2025,3,8,Agosto,2025-08,25,1,Segunda,Nao
2025-08-26,2025,3,8,Agosto,2025-08,26,2,Terca,Nao
2025-08-27,2025,3,8,Agosto,2025-08,27,3,Quarta,Nao
2025-08-28,2025,3,8,Agosto,2025-08,28,4,Quinta,Nao
2025-08-29,2025,3,8,Agosto,2025-08,29,5,Sexta,Nao
2025-08-30,2025,3,8,Agosto,2025-08,30,6,Sabado,Sim
2025-08-31,2025,3,8,Agosto,2025-08,31,7,Domingo,Sim
2025-09-01,2025,3,9,Setembro,2025-09,1,1,Segunda,Nao
2025-09-02,2025,3,9,Setembro,2025-09,2,2,Terca,Nao
2025-09-03,2025,3,9,Setembro,2025-09,3,3,Quarta,Nao
2025-09-04,2025,3,9,Setembro,2025-09,4,4,Quinta,Nao
2025-09-05,2025,3,9,Setembro,2025-09,5,5,Sexta,Nao
2025-09-06,2025,3,9,Setembro,2025-09,6,6,Sabado,Sim
2025-09-07,2025,3,9,Setembro,2025-09,7,7,Domingo,Sim
2025-09-08,2025,3,9,Setembro,2025-09,8,1,Segunda,Nao
2025-09-09,2025,3,9,Setembro,2025-09,9,2,Terca,Nao
2025-09-10,2025,3,9,Setembro,2025-09,10,3,Quarta,Nao
2025-09-11,2025,3,9,Setembro,2025-09,11,4,Quinta,Nao
2025-09-12,2025,3,9,Setembro,2025-09,12,5,Sexta,Nao
2025-09-13,2025,3,9,Setembro,2025-09,13,6,Sabado,Sim
2025-09-14,2025,3,9,Setembro,2025-09,14,7,Domingo,Sim
2025-09-15,2025,3,9,Setembro,2025-09,15,1,Segunda,Nao
2025-09-16,2025,3,9,Setembro,2025-09,16,2,Terca,Nao
2025-09-17,2025,3,9,Setembro,2025-09,17,3,Quarta,Nao
2025-09-18,2025,3,9,Setembro,2025-09,18,4,Quinta,Nao
2025-09-19,2025,3,9,Setembro,2025-09,19,5,Sexta,Nao
2025-09-20,2025,3,9,Setembro,2025-09,20,6,Sabado,Sim
2025-09-21,2025,3,9,Setembro,2025-09,21,7,Domingo,Sim
2025-09-22,2025,3,9,Setembro,2025-09,22,1,Segunda,Nao
2025-09-23,2025,3,9,Setembro,2025-09,23,2,Terca,Nao
2025-09-24,2025,3,9,Setembro,2025-09,24,3,Quarta,Nao
2025-09-25,2025,3,9,Setembro,2025-09,25,4,Quinta,Nao
2025-09-26,2025,3,9,Setembro,2025-09,26,5,Sexta,Nao
2025-09-27,2025,3,9,Setembro,2025-09,27,6,Sabado,Sim
2025-09-28,2025,3,9,Setembro,2025-09,28,7,Domingo,Sim
2025-09-29,2025,3,9,Setembro,2025-09,29,1,Segunda,Nao
2025-09-30,2025,3,9,Setembro,2025-09,30,2,Terca,Nao
2025-10-01,2025,4,10,Outubro,2025-10,1,3,Quarta,Nao
2025-10-02,2025,4,10,Outubro,2025-10,2,4,Quinta,Nao
2025-10-03,2025,4,10,Outubro,2025-10,3,5,Sexta,Nao
2025-10-04,2025,4,10,Outubro,2025-10,4,6,Sabado,Sim
2025-10-05,2025,4,10,Outubro,2025-10,5,7,Domingo,Sim
2025-10-06,2025,4,10,Outubro,2025-10,6,1,Segunda,Nao
2025-10-07,2025,4,10,Outubro,2025-10,7,2,Terca,Nao
2025-10-08,2025,4,10,Outubro,2025-10,8,3,Quarta,Nao
2025-10-09,2025,4,10,Outubro,2025-10,9,4,Quinta,Nao
2025-10-10,2025,4,10,Outubro,2025-10,10,5,Sexta,Nao
2025-10-11,2025,4,10,Outubro,2025-10,11,6,Sabado,Sim
2025-10-12,2025,4,10,Outubro,2025-10,12,7,Domingo,Sim
2025-10-13,2025,4,10,Outubro,2025-10,13,1,Segunda,Nao
2025-10-14,2025,4,10,Outubro,2025-10,14,2,Terca,Nao
2025-10-15,2025,4,10,Outubro,2025-10,15,3,Quarta,Nao
2025-10-16,2025,4,10,Outubro,2025-10,16,4,Quinta,Nao
2025-10-17,2025,4,10,Outubro,2025-10,17,5,Sexta,Nao
2025-10-18,2025,4,10,Outubro,2025-10,18,6,Sabado,Sim
2025-10-19,2025,4,10,Outubro,2025-10,19,7,Domingo,Sim
2025-10-20,2025,4,10,Outubro,2025-10,20,1,Segunda,Nao
2025-10-21,2025,4,10,Outubro,2025-10,21,2,Terca,Nao
2025-10-22,2025,4,10,Outubro,2025-10,22,3,Quarta,Nao
2025-10-23,2025,4,10,Outubro,2025-10,23,4,Quinta,Nao
2025-10-24,2025,4,10,Outubro,2025-10,24,5,Sexta,Nao
2025-10-25,2025,4,10,Outubro,2025-10,25,6,Sabado,Sim
2025-10-26,2025,4,10,Outubro,2025-10,26,7,Domingo,Sim
2025-10-27,2025,4,10,Outubro,2025-10,27,1,Segunda,Nao
2025-10-28,2025,4,10,Outubro,2025-10,28,2,Terca,Nao
2025-10-29,2025,4,10,Outubro,2025-10,29,3,Quarta,Nao
2025-10-30,2025,4,10,Outubro,2025-10,30,4,Quinta,Nao
2025-10-31,2025,4,10,Outubro,2025-10,31,5,Sexta,Nao
2025-11-01,2025,4,11,Novembro,2025-11,1,6,Sabado,Sim
2025-11-02,2025,4,11,Novembro,2025-11,2,7,Domingo,Sim
2025-11-03,2025,4,11,Novembro,2025-11,3,1,Segunda,Nao
2025-11-04,2025,4,11,Novembro,2025-11,4,2,Terca,Nao
2025-11-05,2025,4,11,Novembro,2025-11,5,3,Quarta,Nao
2025-11-06,2025,4,11,Novembro,2025-11,6,4,Quinta,Nao
2025-11-07,2025,4,11,Novembro,2025-11,7,5,Sexta,Nao
2025-11-08,2025,4,11,Novembro,2025-11,8,6,Sabado,Sim
2025-11-09,2025,4,11,Novembro,2025-11,9,7,Domingo,Sim
2025-11-10,2025,4,11,Novembro,2025-11,10,1,Segunda,Nao
2025-11-11,2025,4,11,Novembro,2025-11,11,2,Terca,Nao
2025-11-12,2025,4,11,Novembro,2025-11,12,3,Quarta,Nao
2025-11-13,2025,4,11,Novembro,2025-11,13,4,Quinta,Nao
2025-11-14,2025,4,11,Novembro,2025-11,14,5,Sexta,Nao
2025-11-15,2025,4,11,Novembro,2025-11,15,6,Sabado,Sim
2025-11-16,2025,4,11,Novembro,2025-11,16,7,Domingo,Sim
2025-11-17,2025,4,11,Novembro,2025-11,17,1,Segunda,Nao
2025-11-18,2025,4,11,Novembro,2025-11,18,2,Terca,Nao
2025-11-19,2025,4,11,Novembro,2025-11,19,3,Quarta,Nao
2025-11-20,2025,4,11,Novembro,2025-11,20,4,Quinta,Nao
2025-11-21,2025,4,11,Novembro,2025-11,21,5,Sexta,Nao
2025-11-22,2025,4,11,Novembro,2025-11,22,6,Sabado,Sim
2025-11-23,2025,4,11,Novembro,2025-11,23,7,Domingo,Sim
2025-11-24,2025,4,11,Novembro,2025-11,24,1,Segunda,Nao
2025-11-25,2025,4,11,Novembro,2025-11,25,2,Terca,Nao
2025-11-26,2025,4,11,Novembro,2025-11,26,3,Quarta,Nao
2025-11-27,2025,4,11,Novembro,2025-11,27,4,Quinta,Nao
2025-11-28,2025,4,11,Novembro,2025-11,28,5,Sexta,Nao
2025-11-29,2025,4,11,Novembro,2025-11,29,6,Sabado,Sim
2025-11-30,2025,4,11,Novembro,2025-11,30,7,Domingo,Sim
2025-12-01,2025,4,12,Dezembro,2025-12,1,1,Segunda,Nao
2025-12-02,2025,4,12,Dezembro,2025-12,2,2,Terca,Nao
2025-12-03,2025,4,12,Dezembro,2025-12,3,3,Quarta,Nao
2025-12-04,2025,4,12,Dezembro,2025-12,4,4,Quinta,Nao
2025-12-05,2025,4,12,Dezembro,2025-12,5,5,Sexta,Nao
2025-12-06,2025,4,12,Dezembro,2025-12,6,6,Sabado,Sim
2025-12-07,2025,4,12,Dezembro,2025-12,7,7,Domingo,Sim
2025-12-08,2025,4,12,Dezembro,2025-12,8,1,Segunda,Nao
2025-12-09,2025,4,12,Dezembro,2025-12,9,2,Terca,Nao
2025-12-10,2025,4,12,Dezembro,2025-12,10,3,Quarta,Nao
2025-12-11,2025,4,12,Dezembro,2025-12,11,4,Quinta,Nao
2025-12-12,2025,4,12,Dezembro,2025-12,12,5,Sexta,Nao
2025-12-13,2025,4,12,Dezembro,2025-12,13,6,Sabado,Sim
2025-12-14,2025,4,12,Dezembro,2025-12,14,7,Domingo,Sim
2025-12-15,2025,4,12,Dezembro,2025-12,15,1,Segunda,Nao
2025-12-16,2025,4,12,Dezembro,2025-12,16,2,Terca,Nao
2025-12-17,2025,4,12,Dezembro,2025-12,17,3,Quarta,Nao
2025-12-18,2025,4,12,Dezembro,2025-12,18,4,Quinta,Nao
2025-12-19,2025,4,12,Dezembro,2025-12,19,5,Sexta,Nao
2025-12-20,2025,4,12,Dezembro,2025-12,20,6,Sabado,Sim
2025-12-21,2025,4,12,Dezembro,2025-12,21,7,Domingo,Sim
2025-12-22,2025,4,12,Dezembro,2025-12,22,1,Segunda,Nao
2025-12-23,2025,4,12,Dezembro,2025-12,23,2,Terca,Nao
2025-12-24,2025,4,12,Dezembro,2025-12,24,3,Quarta,Nao
2025-12-25,2025,4,12,Dezembro,2025-12,25,4,Quinta,Nao
2025-12-26,2025,4,12,Dezembro,2025-12,26,5,Sexta,Nao
2025-12-27,2025,4,12,Dezembro,2025-12,27,6,Sabado,Sim
2025-12-28,2025,4,12,Dezembro,2025-12,28,7,Domingo,Sim
2025-12-29,2025,4,12,Dezembro,2025-12,29,1,Segunda,Nao
2025-12-30,2025,4,12,Dezembro,2025-12,30,2,Terca,Nao
2025-12-31,2025,4,12,Dezembro,2025-12,31,3,Quarta,Nao
2026-01-01,2026,1,1,Janeiro,2026-01,1,4,Quinta,Nao
2026-01-02,2026,1,1,Janeiro,2026-01,2,5,Sexta,Nao
2026-01-03,2026,1,1,Janeiro,2026-01,3,6,Sabado,Sim
2026-01-04,2026,1,1,Janeiro,2026-01,4,7,Domingo,Sim
2026-01-05,2026,1,1,Janeiro,2026-01,5,1,Segunda,Nao
2026-01-06,2026,1,1,Janeiro,2026-01,6,2,Terca,Nao
2026-01-07,2026,1,1,Janeiro,2026-01,7,3,Quarta,Nao
2026-01-08,2026,1,1,Janeiro,2026-01,8,4,Quinta,Nao
2026-01-09,2026,1,1,Janeiro,2026-01,9,5,Sexta,Nao
2026-01-10,2026,1,1,Janeiro,2026-01,10,6,Sabado,Sim
2026-01-11,2026,1,1,Janeiro,2026-01,11,7,Domingo,Sim
2026-01-12,2026,1,1,Janeiro,2026-01,12,1,Segunda,Nao
2026-01-13,2026,1,1,Janeiro,2026-01,13,2,Terca,Nao
2026-01-14,2026,1,1,Janeiro,2026-01,14,3,Quarta,Nao
2026-01-15,2026,1,1,Janeiro,2026-01,15,4,Quinta,Nao
2026-01-16,2026,1,1,Janeiro,2026-01,16,5,Sexta,Nao
2026-01-17,2026,1,1,Janeiro,2026-01,17,6,Sabado,Sim
2026-01-18,2026,1,1,Janeiro,2026-01,18,7,Domingo,Sim
2026-01-19,2026,1,1,Janeiro,2026-01,19,1,Segunda,Nao
2026-01-20,2026,1,1,Janeiro,2026-01,20,2,Terca,Nao
2026-01-21,2026,1,1,Janeiro,2026-01,21,3,Quarta,Nao
2026-01-22,2026,1,1,Janeiro,2026-01,22,4,Quinta,Nao
2026-01-23,2026,1,1,Janeiro,2026-01,23,5,Sexta,Nao
2026-01-24,2026,1,1,Janeiro,2026-01,24,6,Sabado,Sim
2026-01-25,2026,1,1,Janeiro,2026-01,25,7,Domingo,Sim
2026-01-26,2026,1,1,Janeiro,2026-01,26,1,Segunda,Nao
2026-01-27,2026,1,1,Janeiro,2026-01,27,2,Terca,Nao
2026-01-28,2026,1,1,Janeiro,2026-01,28,3,Quarta,Nao
2026-01-29,2026,1,1,Janeiro,2026-01,29,4,Quinta,Nao
2026-01-30,2026,1,1,Janeiro,2026-01,30,5,Sexta,Nao
2026-01-31,2026,1,1,Janeiro,2026-01,31,6,Sabado,Sim
2026-02-01,2026,1,2,Fevereiro,2026-02,1,7,Domingo,Sim
2026-02-02,2026,1,2,Fevereiro,2026-02,2,1,Segunda,Nao
2026-02-03,2026,1,2,Fevereiro,2026-02,3,2,Terca,Nao
2026-02-04,2026,1,2,Fevereiro,2026-02,4,3,Quarta,Nao
2026-02-05,2026,1,2,Fevereiro,2026-02,5,4,Quinta,Nao
2026-02-06,2026,1,2,Fevereiro,2026-02,6,5,Sexta,Nao
2026-02-07,2026,1,2,Fevereiro,2026-02,7,6,Sabado,Sim
2026-02-08,2026,1,2,Fevereiro,2026-02,8,7,Domingo,Sim
2026-02-09,2026,1,2,Fevereiro,2026-02,9,1,Segunda,Nao
2026-02-10,2026,1,2,Fevereiro,2026-02,10,2,Terca,Nao
2026-02-11,2026,1,2,Fevereiro,2026-02,11,3,Quarta,Nao
2026-02-12,2026,1,2,Fevereiro,2026-02,12,4,Quinta,Nao
2026-02-13,2026,1,2,Fevereiro,2026-02,13,5,Sexta,Nao
2026-02-14,2026,1,2,Fevereiro,2026-02,14,6,Sabado,Sim
2026-02-15,2026,1,2,Fevereiro,2026-02,15,7,Domingo,Sim
2026-02-16,2026,1,2,Fevereiro,2026-02,16,1,Segunda,Nao
2026-02-17,2026,1,2,Fevereiro,2026-02,17,2,Terca,Nao
2026-02-18,2026,1,2,Fevereiro,2026-02,18,3,Quarta,Nao
2026-02-19,2026,1,2,Fevereiro,2026-02,19,4,Quinta,Nao
2026-02-20,2026,1,2,Fevereiro,2026-02,20,5,Sexta,Nao
2026-02-21,2026,1,2,Fevereiro,2026-02,21,6,Sabado,Sim
2026-02-22,2026,1,2,Fevereiro,2026-02,22,7,Domingo,Sim
2026-02-23,2026,1,2,Fevereiro,2026-02,23,1,Segunda,Nao
2026-02-24,2026,1,2,Fevereiro,2026-02,24,2,Terca,Nao
2026-02-25,2026,1,2,Fevereiro,2026-02,25,3,Quarta,Nao
2026-02-26,2026,1,2,Fevereiro,2026-02,26,4,Quinta,Nao
2026-02-27,2026,1,2,Fevereiro,2026-02,27,5,Sexta,Nao
2026-02-28,2026,1,2,Fevereiro,2026-02,28,6,Sabado,Sim
2026-03-01,2026,1,3,Marco,2026-03,1,7,Domingo,Sim
2026-03-02,2026,1,3,Marco,2026-03,2,1,Segunda,Nao
2026-03-03,2026,1,3,Marco,2026-03,3,2,Terca,Nao
2026-03-04,2026,1,3,Marco,2026-03,4,3,Quarta,Nao
2026-03-05,2026,1,3,Marco,2026-03,5,4,Quinta,Nao
2026-03-06,2026,1,3,Marco,2026-03,6,5,Sexta,Nao
2026-03-07,2026,1,3,Marco,2026-03,7,6,Sabado,Sim
2026-03-08,2026,1,3,Marco,2026-03,8,7,Domingo,Sim
2026-03-09,2026,1,3,Marco,2026-03,9,1,Segunda,Nao
2026-03-10,2026,1,3,Marco,2026-03,10,2,Terca,Nao
2026-03-11,2026,1,3,Marco,2026-03,11,3,Quarta,Nao
2026-03-12,2026,1,3,Marco,2026-03,12,4,Quinta,Nao
2026-03-13,2026,1,3,Marco,2026-03,13,5,Sexta,Nao
2026-03-14,2026,1,3,Marco,2026-03,14,6,Sabado,Sim
2026-03-15,2026,1,3,Marco,2026-03,15,7,Domingo,Sim
2026-03-16,2026,1,3,Marco,2026-03,16,1,Segunda,Nao
2026-03-17,2026,1,3,Marco,2026-03,17,2,Terca,Nao
2026-03-18,2026,1,3,Marco,2026-03,18,3,Quarta,Nao
2026-03-19,2026,1,3,Marco,2026-03,19,4,Quinta,Nao
2026-03-20,2026,1,3,Marco,2026-03,20,5,Sexta,Nao
2026-03-21,2026,1,3,Marco,2026-03,21,6,Sabado,Sim
2026-03-22,2026,1,3,Marco,2026-03,22,7,Domingo,Sim
2026-03-23,2026,1,3,Marco,2026-03,23,1,Segunda,Nao
2026-03-24,2026,1,3,Marco,2026-03,24,2,Terca,Nao
2026-03-25,2026,1,3,Marco,2026-03,25,3,Quarta,Nao
2026-03-26,2026,1,3,Marco,2026-03,26,4,Quinta,Nao
2026-03-27,2026,1,3,Marco,2026-03,27,5,Sexta,Nao
2026-03-28,2026,1,3,Marco,2026-03,28,6,Sabado,Sim
2026-03-29,2026,1,3,Marco,2026-03,29,7,Domingo,Sim
2026-03-30,2026,1,3,Marco,2026-03,30,1,Segunda,Nao
2026-03-31,2026,1,3,Marco,2026-03,31,2,Terca,Nao
2026-04-01,2026,2,4,Abril,2026-04,1,3,Quarta,Nao
2026-04-02,2026,2,4,Abril,2026-04,2,4,Quinta,Nao
2026-04-03,2026,2,4,Abril,2026-04,3,5,Sexta,Nao
2026-04-04,2026,2,4,Abril,2026-04,4,6,Sabado,Sim
2026-04-05,2026,2,4,Abril,2026-04,5,7,Domingo,Sim
2026-04-06,2026,2,4,Abril,2026-04,6,1,Segunda,Nao
2026-04-07,2026,2,4,Abril,2026-04,7,2,Terca,Nao
2026-04-08,2026,2,4,Abril,2026-04,8,3,Quarta,Nao
2026-04-09,2026,2,4,Abril,2026-04,9,4,Quinta,Nao
2026-04-10,2026,2,4,Abril,2026-04,10,5,Sexta,Nao
2026-04-11,2026,2,4,Abril,2026-04,11,6,Sabado,Sim
2026-04-12,2026,2,4,Abril,2026-04,12,7,Domingo,Sim
2026-04-13,2026,2,4,Abril,2026-04,13,1,Segunda,Nao
2026-04-14,2026,2,4,Abril,2026-04,14,2,Terca,Nao
2026-04-15,2026,2,4,Abril,2026-04,15,3,Quarta,Nao
2026-04-16,2026,2,4,Abril,2026-04,16,4,Quinta,Nao
2026-04-17,2026,2,4,Abril,2026-04,17,5,Sexta,Nao
2026-04-18,2026,2,4,Abril,2026-04,18,6,Sabado,Sim
2026-04-19,2026,2,4,Abril,2026-04,19,7,Domingo,Sim
2026-04-20,2026,2,4,Abril,2026-04,20,1,Segunda,Nao
2026-04-21,2026,2,4,Abril,2026-04,21,2,Terca,Nao
2026-04-22,2026,2,4,Abril,2026-04,22,3,Quarta,Nao
2026-04-23,2026,2,4,Abril,2026-04,23,4,Quinta,Nao
2026-04-24,2026,2,4,Abril,2026-04,24,5,Sexta,Nao
2026-04-25,2026,2,4,Abril,2026-04,25,6,Sabado,Sim
2026-04-26,2026,2,4,Abril,2026-04,26,7,Domingo,Sim
2026-04-27,2026,2,4,Abril,2026-04,27,1,Segunda,Nao
2026-04-28,2026,2,4,Abril,2026-04,28,2,Terca,Nao
2026-04-29,2026,2,4,Abril,2026-04,29,3,Quarta,Nao
2026-04-30,2026,2,4,Abril,2026-04,30,4,Quinta,Nao
2026-05-01,2026,2,5,Maio,2026-05,1,5,Sexta,Nao
2026-05-02,2026,2,5,Maio,2026-05,2,6,Sabado,Sim
2026-05-03,2026,2,5,Maio,2026-05,3,7,Domingo,Sim
2026-05-04,2026,2,5,Maio,2026-05,4,1,Segunda,Nao
2026-05-05,2026,2,5,Maio,2026-05,5,2,Terca,Nao
2026-05-06,2026,2,5,Maio,2026-05,6,3,Quarta,Nao
2026-05-07,2026,2,5,Maio,2026-05,7,4,Quinta,Nao
2026-05-08,2026,2,5,Maio,2026-05,8,5,Sexta,Nao
2026-05-09,2026,2,5,Maio,2026-05,9,6,Sabado,Sim
2026-05-10,2026,2,5,Maio,2026-05,10,7,Domingo,Sim
2026-05-11,2026,2,5,Maio,2026-05,11,1,Segunda,Nao
2026-05-12,2026,2,5,Maio,2026-05,12,2,Terca,Nao
2026-05-13,2026,2,5,Maio,2026-05,13,3,Quarta,Nao
2026-05-14,2026,2,5,Maio,2026-05,14,4,Quinta,Nao
2026-05-15,2026,2,5,Maio,2026-05,15,5,Sexta,Nao
2026-05-16,2026,2,5,Maio,2026-05,16,6,Sabado,Sim
2026-05-17,2026,2,5,Maio,2026-05,17,7,Domingo,Sim
2026-05-18,2026,2,5,Maio,2026-05,18,1,Segunda,Nao
2026-05-19,2026,2,5,Maio,2026-05,19,2,Terca,Nao
2026-05-20,2026,2,5,Maio,2026-05,20,3,Quarta,Nao
2026-05-21,2026,2,5,Maio,2026-05,21,4,Quinta,Nao
2026-05-22,2026,2,5,Maio,2026-05,22,5,Sexta,Nao
2026-05-23,2026,2,5,Maio,2026-05,23,6,Sabado,Sim
2026-05-24,2026,2,5,Maio,2026-05,24,7,Domingo,Sim
2026-05-25,2026,2,5,Maio,2026-05,25,1,Segunda,Nao
2026-05-26,2026,2,5,Maio,2026-05,26,2,Terca,Nao
2026-05-27,2026,2,5,Maio,2026-05,27,3,Quarta,Nao
2026-05-28,2026,2,5,Maio,2026-05,28,4,Quinta,Nao
2026-05-29,2026,2,5,Maio,2026-05,29,5,Sexta,Nao
2026-05-30,2026,2,5,Maio,2026-05,30,6,Sabado,Sim
2026-05-31,2026,2,5,Maio,2026-05,31,7,Domingo,Sim
2026-06-01,2026,2,6,Junho,2026-06,1,1,Segunda,Nao
2026-06-02,2026,2,6,Junho,2026-06,2,2,Terca,Nao
2026-06-03,2026,2,6,Junho,2026-06,3,3,Quarta,Nao
2026-06-04,2026,2,6,Junho,2026-06,4,4,Quinta,Nao
2026-06-05,2026,2,6,Junho,2026-06,5,5,Sexta,Nao
2026-06-06,2026,2,6,Junho,2026-06,6,6,Sabado,Sim
2026-06-07,2026,2,6,Junho,2026-06,7,7,Domingo,Sim
2026-06-08,2026,2,6,Junho,2026-06,8,1,Segunda,Nao
2026-06-09,2026,2,6,Junho,2026-06,9,2,Terca,Nao
2026-06-10,2026,2,6,Junho,2026-06,10,3,Quarta,Nao
2026-06-11,2026,2,6,Junho,2026-06,11,4,Quinta,Nao
2026-06-12,2026,2,6,Junho,2026-06,12,5,Sexta,Nao
2026-06-13,2026,2,6,Junho,2026-06,13,6,Sabado,Sim
2026-06-14,2026,2,6,Junho,2026-06,14,7,Domingo,Sim
2026-06-15,2026,2,6,Junho,2026-06,15,1,Segunda,Nao
2026-06-16,2026,2,6,Junho,2026-06,16,2,Terca,Nao
2026-06-17,2026,2,6,Junho,2026-06,17,3,Quarta,Nao
2026-06-18,2026,2,6,Junho,2026-06,18,4,Quinta,Nao
2026-06-19,2026,2,6,Junho,2026-06,19,5,Sexta,Nao
2026-06-20,2026,2,6,Junho,2026-06,20,6,Sabado,Sim
2026-06-21,2026,2,6,Junho,2026-06,21,7,Domingo,Sim
2026-06-22,2026,2,6,Junho,2026-06,22,1,Segunda,Nao
2026-06-23,2026,2,6,Junho,2026-06,23,2,Terca,Nao
2026-06-24,2026,2,6,Junho,2026-06,24,3,Quarta,Nao
2026-06-25,2026,2,6,Junho,2026-06,25,4,Quinta,Nao
2026-06-26,2026,2,6,Junho,2026-06,26,5,Sexta,Nao
2026-06-27,2026,2,6,Junho,2026-06,27,6,Sabado,Sim
2026-06-28,2026,2,6,Junho,2026-06,28,7,Domingo,Sim
2026-06-29,2026,2,6,Junho,2026-06,29,1,Segunda,Nao
2026-06-30,2026,2,6,Junho,2026-06,30,2,Terca,Nao
