id,venda_id,produto_id,quantidade,preco_unitario,subtotal
1,1,16,1,47.5,47.5
2,1,49,1,28.5,28.5
3,1,6,1,19.8,19.8
4,2,39,2,71.9,143.8
5,2,63,1,9.5,9.5
6,3,28,1,21.5,21.5
7,4,58,3,194.9,584.7
8,4,31,1,30.9,30.9
9,4,32,1,34.5,34.5
10,5,58,1,194.9,194.9
11,5,63,1,9.5,9.5
12,5,6,1,19.8,19.8
13,6,14,2,62.9,125.8
14,6,27,2,12.5,25.0
15,6,69,2,419.9,839.8
16,7,33,1,19.9,19.9
17,8,9,2,10.2,20.4
18,8,6,1,19.8,19.8
19,9,21,1,20.9,20.9
20,10,2,2,10.5,21.0
21,10,71,1,53.9,53.9
22,11,66,1,17.9,17.9
23,11,19,1,19.5,19.5
24,12,9,1,10.2,10.2
25,13,63,1,9.5,9.5
26,14,56,1,27.9,27.9
27,14,36,2,7.9,15.8
28,14,47,2,62.9,125.8
29,15,69,1,419.9,419.9
30,16,28,1,21.5,21.5
31,16,5,1,39.9,39.9
32,17,66,1,17.9,17.9
33,17,12,1,32.9,32.9
34,18,19,1,19.5,19.5
35,18,62,1,17.2,17.2
36,18,46,1,41.5,41.5
37,18,6,1,19.8,19.8
38,19,36,1,7.9,7.9
39,19,34,1,15.9,15.9
40,19,70,1,27.9,27.9
41,19,23,2,4.9,9.8
42,19,49,1,28.5,28.5
43,20,22,1,22.5,22.5
44,21,15,1,35.9,35.9
45,22,66,1,17.9,17.9
46,23,37,1,18.9,18.9
47,23,11,3,24.5,73.5
48,23,28,2,21.5,43.0
49,24,59,1,172.5,172.5
50,24,9,1,10.2,10.2
51,24,30,1,17.2,17.2
52,25,69,1,419.9,419.9
53,26,6,1,19.8,19.8
54,26,68,2,41.9,83.8
55,27,62,2,17.2,34.4
56,28,67,1,14.2,14.2
57,28,1,1,8.9,8.9
58,29,51,2,71.9,143.8
59,30,18,2,33.8,67.6
60,30,16,1,47.5,47.5
61,31,1,2,8.9,17.8
62,32,52,2,76.9,153.8
63,32,67,2,14.2,28.4
64,32,37,1,18.9,18.9
65,32,8,1,27.9,27.9
66,33,5,1,39.9,39.9
67,34,9,2,10.2,20.4
68,35,52,1,76.9,76.9
69,35,1,1,8.9,8.9
70,36,57,3,32.5,97.5
71,37,9,1,10.2,10.2
72,38,32,1,34.5,34.5
73,38,37,2,18.9,37.8
74,38,12,1,32.9,32.9
75,39,31,2,30.9,61.8
76,40,1,3,8.9,26.7
77,40,70,2,27.9,55.8
78,41,36,1,7.9,7.9
79,41,51,2,71.9,143.8
80,41,29,1,7.2,7.2
81,41,17,1,29.9,29.9
82,42,49,1,28.5,28.5
83,42,13,2,39.8,79.6
84,42,42,1,189.9,189.9
85,43,52,1,76.9,76.9
86,43,36,1,7.9,7.9
87,44,61,1,209.9,209.9
88,44,2,1,10.5,10.5
89,44,23,2,4.9,9.8
90,45,28,2,21.5,43.0
91,46,45,1,34.9,34.9
92,46,26,1,10.2,10.2
93,47,19,1,19.5,19.5
94,47,22,2,22.5,45.0
95,48,35,1,42.5,42.5
96,49,17,1,29.9,29.9
97,49,31,1,30.9,30.9
98,49,33,1,19.9,19.9
99,49,11,2,24.5,49.0
100,50,40,1,84.5,84.5
101,50,30,1,17.2,17.2
102,50,32,1,34.5,34.5
103,50,37,1,18.9,18.9
104,51,23,1,4.9,4.9
105,51,59,1,172.5,172.5
106,51,56,1,27.9,27.9
107,52,18,1,33.8,33.8
108,52,45,1,34.9,34.9
109,52,37,2,18.9,37.8
110,53,56,2,27.9,55.8
111,53,51,1,71.9,71.9
112,53,32,2,34.5,69.0
113,53,21,1,20.9,20.9
114,54,25,2,27.5,55.0
115,55,69,1,419.9,419.9
116,56,64,1,15.2,15.2
117,56,48,2,35.9,71.8
118,57,49,3,28.5,85.5
119,57,2,2,10.5,21.0
120,57,16,1,47.5,47.5
121,58,40,1,84.5,84.5
122,58,42,1,189.9,189.9
123,58,21,2,20.9,41.8
124,59,22,2,22.5,45.0
125,60,12,1,32.9,32.9
126,60,32,1,34.5,34.5
127,61,30,1,17.2,17.2
128,62,6,1,19.8,19.8
129,63,71,1,53.9,53.9
130,63,21,1,20.9,20.9
131,63,9,2,10.2,20.4
132,64,42,1,189.9,189.9
133,64,9,1,10.2,10.2
134,65,9,2,10.2,20.4
135,65,6,1,19.8,19.8
136,66,33,1,19.9,19.9
137,66,7,2,17.5,35.0
138,66,47,1,62.9,62.9
139,67,54,1,16.2,16.2
140,67,48,2,35.9,71.8
141,67,8,2,27.9,55.8
142,67,35,1,42.5,42.5
143,68,54,2,16.2,32.4
144,68,14,1,62.9,62.9
145,68,46,1,41.5,41.5
146,68,59,2,172.5,345.0
147,69,48,1,35.9,35.9
148,70,51,2,71.9,143.8
149,70,1,3,8.9,26.7
150,71,36,1,7.9,7.9
151,71,71,2,53.9,107.8
152,71,66,1,17.9,17.9
153,72,10,1,49.9,49.9
154,72,42,2,189.9,379.8
155,72,62,2,17.2,34.4
156,72,23,2,4.9,9.8
157,73,16,2,47.5,95.0
158,73,30,2,17.2,34.4
159,74,20,3,17.2,51.6
160,74,7,2,17.5,35.0
161,74,51,1,71.9,71.9
162,75,56,2,27.9,55.8
163,75,17,1,29.9,29.9
164,76,12,1,32.9,32.9
165,77,57,1,32.5,32.5
166,77,19,1,19.5,19.5
167,77,6,2,19.8,39.6
168,77,30,1,17.2,17.2
169,77,26,2,10.2,20.4
170,78,3,1,13.2,13.2
171,78,43,1,169.9,169.9
172,79,68,1,41.9,41.9
173,79,6,1,19.8,19.8
174,80,14,2,62.9,125.8
175,80,3,1,13.2,13.2
176,80,38,1,98.9,98.9
177,81,3,1,13.2,13.2
178,81,6,1,19.8,19.8
179,82,33,2,19.9,39.8
180,83,67,1,14.2,14.2
181,83,30,1,17.2,17.2
182,83,54,3,16.2,48.6
183,84,68,2,41.9,83.8
184,85,24,2,26.9,53.8
185,85,41,2,148.9,297.8
186,85,19,2,19.5,39.0
187,86,24,1,26.9,26.9
188,87,18,2,33.8,67.6
189,87,65,1,12.9,12.9
190,87,61,2,209.9,419.8
191,88,27,1,12.5,12.5
192,88,9,2,10.2,20.4
193,88,23,2,4.9,9.8
194,88,57,1,32.5,32.5
195,88,63,2,9.5,19.0
196,89,67,1,14.2,14.2
197,89,14,2,62.9,125.8
198,89,58,2,194.9,389.8
199,90,39,1,71.9,71.9
200,90,37,1,18.9,18.9
201,91,70,1,27.9,27.9
202,91,18,1,33.8,33.8
203,91,51,1,71.9,71.9
204,91,53,2,19.5,39.0
205,92,58,1,194.9,194.9
206,93,20,1,17.2,17.2
207,94,26,1,10.2,10.2
208,94,1,2,8.9,17.8
209,94,33,1,19.9,19.9
210,94,2,1,10.5,10.5
211,95,27,1,12.5,12.5
212,95,7,1,17.5,17.5
213,96,37,1,18.9,18.9
214,97,49,2,28.5,57.0
215,98,27,1,12.5,12.5
216,99,55,1,8.5,8.5
217,99,41,3,148.9,446.7
218,99,34,1,15.9,15.9
219,100,1,2,8.9,17.8
220,100,16,3,47.5,142.5
221,100,4,1,16.9,16.9
222,100,60,1,149.9,149.9
223,100,27,1,12.5,12.5
224,101,43,1,169.9,169.9
225,102,18,1,33.8,33.8
226,103,41,1,148.9,148.9
227,103,69,1,419.9,419.9
228,103,3,2,13.2,26.4
229,104,50,1,43.9,43.9
230,104,24,2,26.9,53.8
231,105,68,1,41.9,41.9
232,106,44,2,118.9,237.8
233,107,50,2,43.9,87.8
234,108,40,1,84.5,84.5
235,108,3,1,13.2,13.2
236,109,2,3,10.5,31.5
237,110,40,1,84.5,84.5
238,111,58,1,194.9,194.9
239,112,60,1,149.9,149.9
240,112,13,1,39.8,39.8
241,112,59,2,172.5,345.0
242,113,42,1,189.9,189.9
243,113,59,1,172.5,172.5
244,113,63,1,9.5,9.5
245,114,10,2,49.9,99.8
246,115,56,1,27.9,27.9
247,115,44,1,118.9,118.9
248,115,70,1,27.9,27.9
249,116,52,1,76.9,76.9
250,117,1,1,8.9,8.9
251,117,19,1,19.5,19.5
252,117,20,1,17.2,17.2
253,117,58,1,194.9,194.9
254,118,2,1,10.5,10.5
255,119,37,1,18.9,18.9
256,119,4,2,16.9,33.8
257,120,47,1,62.9,62.9
258,120,54,3,16.2,48.6
259,121,54,2,16.2,32.4
260,121,59,1,172.5,172.5
261,122,31,1,30.9,30.9
262,122,65,2,12.9,25.8
263,123,36,1,7.9,7.9
264,123,60,2,149.9,299.8
265,123,67,1,14.2,14.2
266,124,2,1,10.5,10.5
267,125,34,1,15.9,15.9
268,126,10,2,49.9,99.8
269,127,58,1,194.9,194.9
270,127,48,2,35.9,71.8
271,127,23,1,4.9,4.9
272,128,50,1,43.9,43.9
273,128,31,2,30.9,61.8
274,129,61,1,209.9,209.9
275,129,69,1,419.9,419.9
276,130,6,2,19.8,39.6
277,130,13,1,39.8,39.8
278,131,60,2,149.9,299.8
279,131,31,1,30.9,30.9
280,132,14,1,62.9,62.9
281,133,16,2,47.5,95.0
282,133,12,1,32.9,32.9
283,133,17,1,29.9,29.9
284,133,49,1,28.5,28.5
285,133,24,2,26.9,53.8
286,134,8,1,27.9,27.9
287,135,19,2,19.5,39.0
288,135,70,1,27.9,27.9
289,136,1,1,8.9,8.9
290,136,5,1,39.9,39.9
291,137,9,1,10.2,10.2
292,137,70,3,27.9,83.7
293,137,29,2,7.2,14.4
294,138,44,2,118.9,237.8
295,138,11,2,24.5,49.0
296,139,46,1,41.5,41.5
297,139,63,1,9.5,9.5
298,140,69,3,419.9,1259.7
299,141,67,1,14.2,14.2
300,141,59,1,172.5,172.5
301,141,69,2,419.9,839.8
302,142,40,1,84.5,84.5
303,142,13,1,39.8,39.8
304,143,52,1,76.9,76.9
305,143,42,3,189.9,569.7
306,143,16,1,47.5,47.5
307,143,70,1,27.9,27.9
308,143,18,1,33.8,33.8
309,144,49,2,28.5,57.0
310,144,21,1,20.9,20.9
311,144,3,1,13.2,13.2
312,145,35,1,42.5,42.5
313,146,54,1,16.2,16.2
314,147,27,1,12.5,12.5
315,147,36,1,7.9,7.9
316,148,33,1,19.9,19.9
317,149,57,2,32.5,65.0
318,149,42,2,189.9,379.8
319,149,54,1,16.2,16.2
320,149,26,1,10.2,10.2
321,150,59,1,172.5,172.5
322,151,15,2,35.9,71.8
323,152,71,2,53.9,107.8
324,152,30,1,17.2,17.2
325,152,12,3,32.9,98.7
326,152,53,1,19.5,19.5
327,153,20,1,17.2,17.2
328,153,1,1,8.9,8.9
329,154,2,1,10.5,10.5
330,155,4,2,16.9,33.8
331,155,59,1,172.5,172.5
332,155,60,2,149.9,299.8
333,155,18,1,33.8,33.8
334,156,70,1,27.9,27.9
335,156,27,1,12.5,12.5
336,156,11,2,24.5,49.0
337,157,9,1,10.2,10.2
338,157,27,1,12.5,12.5
339,158,55,1,8.5,8.5
340,158,36,1,7.9,7.9
341,159,9,1,10.2,10.2
342,159,25,1,27.5,27.5
343,159,59,1,172.5,172.5
344,160,70,1,27.9,27.9
345,160,17,1,29.9,29.9
346,161,42,1,189.9,189.9
347,162,37,1,18.9,18.9
348,162,7,1,17.5,17.5
349,163,21,1,20.9,20.9
350,163,31,1,30.9,30.9
351,163,15,1,35.9,35.9
352,164,39,1,71.9,71.9
353,165,38,3,98.9,296.7
354,166,6,1,19.8,19.8
355,166,18,1,33.8,33.8
356,167,26,1,10.2,10.2
357,167,3,1,13.2,13.2
358,167,11,1,24.5,24.5
359,168,50,1,43.9,43.9
360,168,48,1,35.9,35.9
361,169,55,2,8.5,17.0
362,169,54,1,16.2,16.2
363,169,18,1,33.8,33.8
364,170,23,1,4.9,4.9
365,171,39,1,71.9,71.9
366,171,64,2,15.2,30.4
367,171,60,1,149.9,149.9
368,172,4,2,16.9,33.8
369,172,16,1,47.5,47.5
370,173,48,2,35.9,71.8
371,173,66,1,17.9,17.9
372,173,3,1,13.2,13.2
373,174,10,1,49.9,49.9
374,174,66,1,17.9,17.9
375,175,47,1,62.9,62.9
376,175,13,2,39.8,79.6
377,175,69,1,419.9,419.9
378,176,68,2,41.9,83.8
379,176,69,2,419.9,839.8
380,176,71,1,53.9,53.9
381,177,67,2,14.2,28.4
382,177,44,1,118.9,118.9
383,177,23,1,4.9,4.9
384,177,39,1,71.9,71.9
385,177,4,1,16.9,16.9
386,178,26,1,10.2,10.2
387,178,14,1,62.9,62.9
388,179,26,1,10.2,10.2
389,179,24,1,26.9,26.9
390,180,9,2,10.2,20.4
391,180,13,2,39.8,79.6
392,181,47,1,62.9,62.9
393,181,24,1,26.9,26.9
394,181,57,2,32.5,65.0
395,182,47,1,62.9,62.9
396,182,37,1,18.9,18.9
397,183,55,1,8.5,8.5
398,184,16,1,47.5,47.5
399,184,19,1,19.5,19.5
400,184,51,1,71.9,71.9
401,185,64,2,15.2,30.4
402,185,36,2,7.9,15.8
403,185,35,2,42.5,85.0
404,186,64,1,15.2,15.2
405,187,39,1,71.9,71.9
406,188,70,1,27.9,27.9
407,189,23,1,4.9,4.9
408,190,71,1,53.9,53.9
409,190,70,2,27.9,55.8
410,190,61,1,209.9,209.9
411,191,47,1,62.9,62.9
412,192,31,1,30.9,30.9
413,193,66,1,17.9,17.9
414,193,54,1,16.2,16.2
415,193,35,3,42.5,127.5
416,193,3,1,13.2,13.2
417,194,39,1,71.9,71.9
418,195,29,2,7.2,14.4
419,195,12,1,32.9,32.9
420,196,56,1,27.9,27.9
421,196,70,1,27.9,27.9
422,196,41,1,148.9,148.9
423,197,60,1,149.9,149.9
424,197,35,1,42.5,42.5
425,197,69,1,419.9,419.9
426,197,56,1,27.9,27.9
427,197,8,1,27.9,27.9
428,198,21,1,20.9,20.9
429,199,5,1,39.9,39.9
430,199,26,1,10.2,10.2
431,200,41,2,148.9,297.8
432,200,39,1,71.9,71.9
433,200,9,2,10.2,20.4
434,200,53,1,19.5,19.5
435,201,68,2,41.9,83.8
436,201,33,1,19.9,19.9
437,201,64,1,15.2,15.2
438,202,36,1,7.9,7.9
439,203,19,1,19.5,19.5
440,204,31,1,30.9,30.9
441,205,51,1,71.9,71.9
442,205,33,2,19.9,39.8
443,206,36,1,7.9,7.9
444,206,11,1,24.5,24.5
445,206,63,2,9.5,19.0
446,207,71,1,53.9,53.9
447,207,42,2,189.9,379.8
448,207,59,1,172.5,172.5
449,208,17,2,29.9,59.8
450,209,26,1,10.2,10.2
451,209,11,1,24.5,24.5
452,209,54,1,16.2,16.2
453,210,34,1,15.9,15.9
454,210,22,1,22.5,22.5
455,211,64,1,15.2,15.2
456,211,16,1,47.5,47.5
457,212,25,1,27.5,27.5
458,213,2,1,10.5,10.5
459,213,61,1,209.9,209.9
460,214,31,1,30.9,30.9
461,215,39,1,71.9,71.9
462,215,51,1,71.9,71.9
463,216,56,1,27.9,27.9
464,216,19,1,19.5,19.5
465,216,34,1,15.9,15.9
466,217,41,1,148.9,148.9
467,218,7,1,17.5,17.5
468,219,59,1,172.5,172.5
469,219,64,2,15.2,30.4
470,220,1,2,8.9,17.8
471,220,68,1,41.9,41.9
472,221,14,1,62.9,62.9
473,221,42,1,189.9,189.9
474,222,42,1,189.9,189.9
475,222,17,1,29.9,29.9
476,222,28,1,21.5,21.5
477,222,7,3,17.5,52.5
478,222,37,1,18.9,18.9
479,223,20,1,17.2,17.2
480,224,63,2,9.5,19.0
481,224,58,1,194.9,194.9
482,225,60,1,149.9,149.9
483,225,29,2,7.2,14.4
484,226,39,1,71.9,71.9
485,226,32,1,34.5,34.5
486,226,67,1,14.2,14.2
487,227,65,1,12.9,12.9
488,227,3,1,13.2,13.2
489,228,34,3,15.9,47.7
490,228,44,2,118.9,237.8
491,229,62,1,17.2,17.2
492,230,51,1,71.9,71.9
493,230,39,1,71.9,71.9
494,230,12,1,32.9,32.9
495,231,60,1,149.9,149.9
496,232,38,1,98.9,98.9
497,233,71,1,53.9,53.9
498,233,38,1,98.9,98.9
499,234,41,1,148.9,148.9
500,234,71,2,53.9,107.8
501,235,61,1,209.9,209.9
502,235,45,1,34.9,34.9
503,235,57,2,32.5,65.0
504,236,47,1,62.9,62.9
505,236,61,1,209.9,209.9
506,236,21,2,20.9,41.8
507,237,3,1,13.2,13.2
508,238,29,1,7.2,7.2
509,239,14,2,62.9,125.8
510,239,7,1,17.5,17.5
511,240,22,2,22.5,45.0
512,240,16,2,47.5,95.0
513,241,26,1,10.2,10.2
514,242,54,1,16.2,16.2
515,242,47,2,62.9,125.8
516,242,32,1,34.5,34.5
517,243,19,2,19.5,39.0
518,244,20,2,17.2,34.4
519,245,41,2,148.9,297.8
520,245,45,2,34.9,69.8
521,245,2,1,10.5,10.5
522,246,52,1,76.9,76.9
523,246,26,1,10.2,10.2
524,246,39,2,71.9,143.8
525,246,11,2,24.5,49.0
526,247,70,1,27.9,27.9
527,248,16,2,47.5,95.0
528,248,7,2,17.5,35.0
529,249,69,1,419.9,419.9
530,249,30,1,17.2,17.2
531,250,47,1,62.9,62.9
532,250,59,1,172.5,172.5
533,250,13,1,39.8,39.8
534,251,64,2,15.2,30.4
535,251,55,1,8.5,8.5
536,251,57,1,32.5,32.5
537,251,63,1,9.5,9.5
538,252,48,2,35.9,71.8
539,253,38,1,98.9,98.9
540,253,63,1,9.5,9.5
541,254,6,1,19.8,19.8
542,255,59,1,172.5,172.5
543,255,58,1,194.9,194.9
544,256,57,2,32.5,65.0
545,256,36,2,7.9,15.8
546,256,12,1,32.9,32.9
547,257,67,1,14.2,14.2
548,257,25,2,27.5,55.0
549,257,61,1,209.9,209.9
550,257,65,1,12.9,12.9
551,257,3,2,13.2,26.4
552,258,44,1,118.9,118.9
553,258,56,1,27.9,27.9
554,258,24,1,26.9,26.9
555,258,54,1,16.2,16.2
556,259,42,1,189.9,189.9
557,259,24,1,26.9,26.9
558,260,31,1,30.9,30.9
559,260,64,1,15.2,15.2
560,261,71,3,53.9,161.7
561,262,19,1,19.5,19.5
562,263,22,1,22.5,22.5
563,263,1,2,8.9,17.8
564,264,69,1,419.9,419.9
565,265,41,1,148.9,148.9
566,265,44,3,118.9,356.7
567,265,34,1,15.9,15.9
568,265,58,1,194.9,194.9
569,265,35,1,42.5,42.5
570,266,51,1,71.9,71.9
571,266,69,2,419.9,839.8
572,267,50,2,43.9,87.8
573,267,23,2,4.9,9.8
574,268,25,2,27.5,55.0
575,268,12,1,32.9,32.9
576,268,39,3,71.9,215.7
577,269,65,1,12.9,12.9
578,269,64,2,15.2,30.4
579,269,22,1,22.5,22.5
580,269,71,1,53.9,53.9
581,270,3,3,13.2,39.6
582,271,42,1,189.9,189.9
583,272,69,1,419.9,419.9
584,272,58,1,194.9,194.9
585,272,41,2,148.9,297.8
586,272,1,2,8.9,17.8
587,273,13,1,39.8,39.8
588,273,4,2,16.9,33.8
589,274,31,2,30.9,61.8
590,274,10,1,49.9,49.9
591,275,17,1,29.9,29.9
592,276,53,2,19.5,39.0
593,276,30,2,17.2,34.4
594,277,43,1,169.9,169.9
595,277,25,1,27.5,27.5
596,278,57,1,32.5,32.5
597,278,24,1,26.9,26.9
598,278,32,1,34.5,34.5
599,279,38,3,98.9,296.7
600,279,48,1,35.9,35.9
601,280,26,2,10.2,20.4
602,281,39,1,71.9,71.9
603,282,31,2,30.9,61.8
604,282,62,3,17.2,51.6
605,283,57,1,32.5,32.5
606,284,32,1,34.5,34.5
607,284,23,2,4.9,9.8
608,284,26,2,10.2,20.4
609,285,68,3,41.9,125.7
610,286,48,1,35.9,35.9
611,286,41,3,148.9,446.7
612,287,17,1,29.9,29.9
613,287,66,1,17.9,17.9
614,287,63,1,9.5,9.5
615,288,48,1,35.9,35.9
616,289,58,1,194.9,194.9
617,289,31,2,30.9,61.8
618,289,51,1,71.9,71.9
619,289,28,2,21.5,43.0
620,290,55,1,8.5,8.5
621,290,58,1,194.9,194.9
622,291,66,2,17.9,35.8
623,291,70,2,27.9,55.8
624,291,11,1,24.5,24.5
625,292,18,1,33.8,33.8
626,292,70,1,27.9,27.9
627,292,34,2,15.9,31.8
628,293,30,1,17.2,17.2
629,293,27,1,12.5,12.5
630,293,61,1,209.9,209.9
631,293,67,2,14.2,28.4
632,294,17,2,29.9,59.8
633,294,40,1,84.5,84.5
634,295,3,1,13.2,13.2
635,296,51,1,71.9,71.9
636,297,5,1,39.9,39.9
637,297,63,1,9.5,9.5
638,298,53,1,19.5,19.5
639,299,61,1,209.9,209.9
640,300,32,1,34.5,34.5
641,300,68,1,41.9,41.9
642,301,51,1,71.9,71.9
643,301,23,2,4.9,9.8
644,301,54,2,16.2,32.4
645,302,69,1,419.9,419.9
646,303,42,1,189.9,189.9
647,304,25,1,27.5,27.5
648,304,51,1,71.9,71.9
649,305,61,2,209.9,419.8
650,305,36,1,7.9,7.9
651,306,28,2,21.5,43.0
652,306,5,1,39.9,39.9
653,307,1,1,8.9,8.9
654,308,25,1,27.5,27.5
655,309,25,1,27.5,27.5
656,310,28,1,21.5,21.5
657,311,22,1,22.5,22.5
658,311,33,3,19.9,59.7
659,311,13,1,39.8,39.8
660,312,3,1,13.2,13.2
661,313,40,1,84.5,84.5
662,313,31,1,30.9,30.9
663,313,55,1,8.5,8.5
664,313,32,1,34.5,34.5
665,314,6,1,19.8,19.8
666,315,32,1,34.5,34.5
667,315,29,1,7.2,7.2
668,315,49,1,28.5,28.5
669,315,67,2,14.2,28.4
670,316,11,1,24.5,24.5
671,317,62,1,17.2,17.2
672,318,3,2,13.2,26.4
673,318,49,2,28.5,57.0
674,318,55,2,8.5,17.0
675,319,18,2,33.8,67.6
676,320,48,1,35.9,35.9
677,320,50,1,43.9,43.9
678,320,63,1,9.5,9.5
679,320,40,1,84.5,84.5
680,321,48,2,35.9,71.8
681,321,8,2,27.9,55.8
682,321,50,1,43.9,43.9
683,322,21,1,20.9,20.9
684,323,55,1,8.5,8.5
685,323,33,1,19.9,19.9
686,324,45,1,34.9,34.9
687,324,19,1,19.5,19.5
688,325,37,1,18.9,18.9
689,325,56,1,27.9,27.9
690,326,25,1,27.5,27.5
691,327,4,1,16.9,16.9
692,328,67,2,14.2,28.4
693,329,44,2,118.9,237.8
694,329,41,1,148.9,148.9
695,329,31,1,30.9,30.9
696,330,32,1,34.5,34.5
697,330,48,1,35.9,35.9
698,331,42,1,189.9,189.9
699,331,57,1,32.5,32.5
700,331,30,1,17.2,17.2
701,331,63,1,9.5,9.5
702,332,67,1,14.2,14.2
703,332,65,2,12.9,25.8
704,332,5,1,39.9,39.9
705,333,12,1,32.9,32.9
706,334,16,2,47.5,95.0
707,334,18,1,33.8,33.8
708,334,69,1,419.9,419.9
709,334,63,1,9.5,9.5
710,334,12,2,32.9,65.8
711,335,15,1,35.9,35.9
712,336,1,1,8.9,8.9
713,336,40,1,84.5,84.5
714,337,51,1,71.9,71.9
715,338,5,1,39.9,39.9
716,338,41,1,148.9,148.9
717,338,40,1,84.5,84.5
718,339,27,2,12.5,25.0
719,339,29,2,7.2,14.4
720,339,7,2,17.5,35.0
721,340,45,1,34.9,34.9
722,340,51,1,71.9,71.9
723,340,10,1,49.9,49.9
724,341,59,1,172.5,172.5
725,341,21,1,20.9,20.9
726,341,18,2,33.8,67.6
727,342,49,1,28.5,28.5
728,342,55,3,8.5,25.5
729,342,22,1,22.5,22.5
730,342,8,1,27.9,27.9
731,343,39,1,71.9,71.9
732,343,23,1,4.9,4.9
733,344,11,1,24.5,24.5
734,345,62,3,17.2,51.6
735,346,51,1,71.9,71.9
736,346,69,1,419.9,419.9
737,346,68,1,41.9,41.9
738,347,58,2,194.9,389.8
739,348,70,1,27.9,27.9
740,348,22,2,22.5,45.0
741,349,46,1,41.5,41.5
742,349,69,1,419.9,419.9
743,350,55,1,8.5,8.5
744,351,35,3,42.5,127.5
745,352,49,1,28.5,28.5
746,352,4,1,16.9,16.9
747,352,32,1,34.5,34.5
748,353,49,3,28.5,85.5
749,354,45,2,34.9,69.8
750,355,69,1,419.9,419.9
751,355,71,1,53.9,53.9
752,355,52,1,76.9,76.9
753,356,54,1,16.2,16.2
754,356,59,1,172.5,172.5
755,356,24,1,26.9,26.9
756,357,11,2,24.5,49.0
757,357,10,1,49.9,49.9
758,357,31,1,30.9,30.9
759,358,64,1,15.2,15.2
760,359,32,1,34.5,34.5
761,359,68,3,41.9,125.7
762,359,6,1,19.8,19.8
763,360,15,2,35.9,71.8
764,360,44,1,118.9,118.9
765,361,40,2,84.5,169.0
766,362,43,1,169.9,169.9
767,362,39,1,71.9,71.9
768,363,63,1,9.5,9.5
769,364,57,1,32.5,32.5
770,364,21,2,20.9,41.8
771,364,18,2,33.8,67.6
772,364,46,1,41.5,41.5
773,364,56,1,27.9,27.9
774,365,64,1,15.2,15.2
775,365,17,2,29.9,59.8
776,366,65,1,12.9,12.9
777,367,55,1,8.5,8.5
778,368,14,1,62.9,62.9
779,368,65,1,12.9,12.9
780,369,7,1,17.5,17.5
781,370,47,1,62.9,62.9
782,371,13,1,39.8,39.8
783,371,56,2,27.9,55.8
784,372,68,1,41.9,41.9
785,372,48,1,35.9,35.9
786,373,13,1,39.8,39.8
787,373,10,1,49.9,49.9
788,373,70,1,27.9,27.9
789,374,45,1,34.9,34.9
790,374,47,2,62.9,125.8
791,375,38,1,98.9,98.9
792,375,6,1,19.8,19.8
793,375,8,1,27.9,27.9
794,375,25,1,27.5,27.5
795,375,51,1,71.9,71.9
796,376,66,1,17.9,17.9
797,377,6,1,19.8,19.8
798,378,45,1,34.9,34.9
799,379,8,1,27.9,27.9
800,380,33,1,19.9,19.9
801,380,71,1,53.9,53.9
802,381,62,1,17.2,17.2
803,381,12,1,32.9,32.9
804,382,51,1,71.9,71.9
805,383,2,1,10.5,10.5
806,383,13,1,39.8,39.8
807,383,49,1,28.5,28.5
808,384,14,1,62.9,62.9
809,385,32,1,34.5,34.5
810,385,8,1,27.9,27.9
811,386,55,1,8.5,8.5
812,387,14,3,62.9,188.7
813,388,24,1,26.9,26.9
814,389,34,2,15.9,31.8
815,389,10,2,49.9,99.8
816,390,36,1,7.9,7.9
817,390,19,3,19.5,58.5
818,391,32,1,34.5,34.5
819,391,50,1,43.9,43.9
820,391,54,1,16.2,16.2
821,392,47,1,62.9,62.9
822,393,18,2,33.8,67.6
823,393,38,1,98.9,98.9
824,393,59,2,172.5,345.0
825,393,19,1,19.5,19.5
826,394,7,1,17.5,17.5
827,394,14,1,62.9,62.9
828,395,24,1,26.9,26.9
829,396,5,1,39.9,39.9
830,397,21,1,20.9,20.9
831,398,10,1,49.9,49.9
832,398,60,1,149.9,149.9
833,399,43,1,169.9,169.9
834,399,4,1,16.9,16.9
835,399,31,1,30.9,30.9
836,400,62,1,17.2,17.2
837,400,6,1,19.8,19.8
838,401,13,1,39.8,39.8
839,401,43,2,169.9,339.8
840,401,53,1,19.5,19.5
841,401,65,2,12.9,25.8
842,401,20,1,17.2,17.2
843,402,21,3,20.9,62.7
844,402,65,1,12.9,12.9
845,402,67,1,14.2,14.2
846,403,31,3,30.9,92.7
847,403,27,1,12.5,12.5
848,403,10,3,49.9,149.7
849,404,38,1,98.9,98.9
850,405,18,1,33.8,33.8
851,405,16,2,47.5,95.0
852,405,63,1,9.5,9.5
853,406,6,2,19.8,39.6
854,406,8,1,27.9,27.9
855,407,45,2,34.9,69.8
856,407,60,1,149.9,149.9
857,407,69,1,419.9,419.9
858,408,61,1,209.9,209.9
859,408,15,1,35.9,35.9
860,409,56,1,27.9,27.9
861,409,61,1,209.9,209.9
862,410,54,1,16.2,16.2
863,410,68,2,41.9,83.8
864,411,21,1,20.9,20.9
865,411,56,1,27.9,27.9
866,412,41,1,148.9,148.9
867,412,2,1,10.5,10.5
868,412,20,2,17.2,34.4
869,412,59,1,172.5,172.5
870,412,19,1,19.5,19.5
871,413,25,2,27.5,55.0
872,413,54,1,16.2,16.2
873,413,70,1,27.9,27.9
874,414,16,1,47.5,47.5
875,414,64,1,15.2,15.2
876,415,21,1,20.9,20.9
877,415,70,1,27.9,27.9
878,416,53,1,19.5,19.5
879,417,59,1,172.5,172.5
880,418,48,2,35.9,71.8
881,419,48,2,35.9,71.8
882,420,7,1,17.5,17.5
883,420,55,1,8.5,8.5
884,421,51,2,71.9,143.8
885,421,34,1,15.9,15.9
886,422,49,1,28.5,28.5
887,422,4,1,16.9,16.9
888,422,17,1,29.9,29.9
889,422,59,1,172.5,172.5
890,422,46,2,41.5,83.0
891,423,14,1,62.9,62.9
892,423,15,1,35.9,35.9
893,424,53,3,19.5,58.5
894,424,10,1,49.9,49.9
895,424,63,1,9.5,9.5
896,425,5,3,39.9,119.7
897,425,16,3,47.5,142.5
898,426,66,2,17.9,35.8
899,427,12,1,32.9,32.9
900,428,36,1,7.9,7.9
901,428,51,2,71.9,143.8
902,428,14,1,62.9,62.9
903,429,55,1,8.5,8.5
904,429,26,1,10.2,10.2
905,430,68,1,41.9,41.9
906,430,46,1,41.5,41.5
907,431,2,2,10.5,21.0
908,432,10,1,49.9,49.9
909,432,54,1,16.2,16.2
910,433,50,1,43.9,43.9
911,433,31,1,30.9,30.9
912,434,44,1,118.9,118.9
913,434,3,1,13.2,13.2
914,435,59,1,172.5,172.5
915,436,42,2,189.9,379.8
916,437,6,1,19.8,19.8
917,438,19,2,19.5,39.0
918,439,42,2,189.9,379.8
919,439,62,2,17.2,34.4
920,439,29,1,7.2,7.2
921,439,12,2,32.9,65.8
922,439,34,1,15.9,15.9
923,440,63,1,9.5,9.5
924,440,14,2,62.9,125.8
925,441,29,2,7.2,14.4
926,441,47,1,62.9,62.9
927,441,50,2,43.9,87.8
928,441,58,1,194.9,194.9
929,442,3,2,13.2,26.4
930,443,65,1,12.9,12.9
931,444,36,1,7.9,7.9
932,445,13,1,39.8,39.8
933,446,27,1,12.5,12.5
934,447,31,1,30.9,30.9
935,447,22,1,22.5,22.5
936,447,41,1,148.9,148.9
937,447,9,3,10.2,30.6
938,448,61,1,209.9,209.9
939,448,1,1,8.9,8.9
940,449,13,1,39.8,39.8
941,449,39,2,71.9,143.8
942,449,43,3,169.9,509.7
943,450,62,2,17.2,34.4
944,450,15,1,35.9,35.9
945,450,35,3,42.5,127.5
946,450,67,2,14.2,28.4
947,451,49,1,28.5,28.5
948,452,43,1,169.9,169.9
949,453,45,1,34.9,34.9
950,453,37,1,18.9,18.9
951,454,38,1,98.9,98.9
952,455,65,1,12.9,12.9
953,455,20,2,17.2,34.4
954,455,12,1,32.9,32.9
955,455,35,2,42.5,85.0
956,456,39,1,71.9,71.9
957,457,40,1,84.5,84.5
958,458,46,3,41.5,124.5
959,458,60,1,149.9,149.9
960,458,55,2,8.5,17.0
961,458,54,1,16.2,16.2
962,459,38,2,98.9,197.8
963,459,7,1,17.5,17.5
964,460,14,1,62.9,62.9
965,460,43,2,169.9,339.8
966,460,13,1,39.8,39.8
967,460,38,1,98.9,98.9
968,460,62,1,17.2,17.2
969,461,1,1,8.9,8.9
970,461,63,1,9.5,9.5
971,462,52,1,76.9,76.9
972,463,3,1,13.2,13.2
973,464,64,1,15.2,15.2
974,464,48,1,35.9,35.9
975,464,36,1,7.9,7.9
976,464,51,1,71.9,71.9
977,464,50,1,43.9,43.9
978,465,18,1,33.8,33.8
979,465,60,1,149.9,149.9
980,465,59,1,172.5,172.5
981,465,36,2,7.9,15.8
982,466,18,2,33.8,67.6
983,466,36,1,7.9,7.9
984,467,68,1,41.9,41.9
985,467,34,1,15.9,15.9
986,467,17,1,29.9,29.9
987,468,42,1,189.9,189.9
988,468,30,2,17.2,34.4
989,468,31,2,30.9,61.8
990,469,4,1,16.9,16.9
991,469,23,1,4.9,4.9
992,470,68,2,41.9,83.8
993,471,10,1,49.9,49.9
994,471,44,2,118.9,237.8
995,472,18,1,33.8,33.8
996,472,9,2,10.2,20.4
997,472,57,1,32.5,32.5
998,472,55,1,8.5,8.5
999,473,46,1,41.5,41.5
1000,474,15,2,35.9,71.8
1001,474,61,3,209.9,629.7
1002,475,8,2,27.9,55.8
1003,475,31,1,30.9,30.9
1004,475,64,1,15.2,15.2
1005,475,10,2,49.9,99.8
1006,476,6,1,19.8,19.8
1007,477,49,1,28.5,28.5
1008,478,48,1,35.9,35.9
1009,478,46,1,41.5,41.5
1010,479,8,1,27.9,27.9
1011,480,10,1,49.9,49.9
1012,481,71,2,53.9,107.8
1013,481,38,1,98.9,98.9
1014,481,32,1,34.5,34.5
1015,481,68,1,41.9,41.9
1016,482,27,2,12.5,25.0
1017,482,16,2,47.5,95.0
1018,482,48,1,35.9,35.9
1019,483,11,1,24.5,24.5
1020,484,40,1,84.5,84.5
1021,484,5,1,39.9,39.9
1022,485,56,2,27.9,55.8
1023,485,55,1,8.5,8.5
1024,485,8,3,27.9,83.7
1025,486,60,2,149.9,299.8
1026,486,31,3,30.9,92.7
1027,486,17,1,29.9,29.9
1028,486,2,1,10.5,10.5
1029,486,36,1,7.9,7.9
1030,487,42,2,189.9,379.8
1031,488,11,2,24.5,49.0
1032,488,36,1,7.9,7.9
1033,489,7,1,17.5,17.5
1034,489,30,1,17.2,17.2
1035,489,15,1,35.9,35.9
1036,489,5,1,39.9,39.9
1037,490,6,1,19.8,19.8
1038,490,31,1,30.9,30.9
1039,491,19,1,19.5,19.5
1040,491,4,1,16.9,16.9
1041,491,42,1,189.9,189.9
1042,491,47,1,62.9,62.9
1043,492,66,2,17.9,35.8
1044,493,29,1,7.2,7.2
1045,494,67,1,14.2,14.2
1046,494,57,2,32.5,65.0
1047,494,41,1,148.9,148.9
1048,495,53,1,19.5,19.5
1049,495,47,1,62.9,62.9
1050,495,11,1,24.5,24.5
1051,495,46,1,41.5,41.5
1052,495,65,2,12.9,25.8
1053,496,37,1,18.9,18.9
1054,496,44,1,118.9,118.9
1055,497,71,2,53.9,107.8
1056,497,61,1,209.9,209.9
1057,498,38,1,98.9,98.9
1058,498,16,2,47.5,95.0
1059,499,56,2,27.9,55.8
1060,499,38,2,98.9,197.8
1061,500,59,1,172.5,172.5
1062,500,49,1,28.5,28.5
1063,500,42,1,189.9,189.9
1064,501,42,1,189.9,189.9
1065,501,50,1,43.9,43.9
1066,502,45,1,34.9,34.9
1067,503,36,1,7.9,7.9
1068,504,4,1,16.9,16.9
1069,504,48,2,35.9,71.8
1070,505,56,1,27.9,27.9
1071,506,65,1,12.9,12.9
1072,507,41,2,148.9,297.8
1073,507,25,1,27.5,27.5
1074,507,5,1,39.9,39.9
1075,508,12,3,32.9,98.7
1076,509,49,1,28.5,28.5
1077,510,51,1,71.9,71.9
1078,510,46,1,41.5,41.5
1079,511,41,1,148.9,148.9
1080,512,38,1,98.9,98.9
1081,513,34,1,15.9,15.9
1082,513,7,2,17.5,35.0
1083,514,43,3,169.9,509.7
1084,514,17,1,29.9,29.9
1085,514,70,1,27.9,27.9
1086,514,3,2,13.2,26.4
1087,515,51,2,71.9,143.8
1088,515,30,2,17.2,34.4
1089,515,38,1,98.9,98.9
1090,516,21,1,20.9,20.9
1091,516,37,1,18.9,18.9
1092,517,10,1,49.9,49.9
1093,517,65,2,12.9,25.8
1094,517,54,1,16.2,16.2
1095,517,3,1,13.2,13.2
1096,518,26,1,10.2,10.2
1097,519,65,1,12.9,12.9
1098,519,32,1,34.5,34.5
1099,519,49,1,28.5,28.5
1100,520,40,1,84.5,84.5
1101,521,30,2,17.2,34.4
1102,521,8,1,27.9,27.9
1103,522,63,1,9.5,9.5
1104,522,70,3,27.9,83.7
1105,523,2,1,10.5,10.5
1106,523,21,1,20.9,20.9
1107,524,71,1,53.9,53.9
1108,524,54,1,16.2,16.2
1109,524,52,3,76.9,230.7
1110,525,48,1,35.9,35.9
1111,526,2,1,10.5,10.5
1112,526,41,1,148.9,148.9
1113,526,54,3,16.2,48.6
1114,527,29,1,7.2,7.2
1115,527,45,2,34.9,69.8
1116,528,10,2,49.9,99.8
1117,528,20,1,17.2,17.2
1118,528,14,1,62.9,62.9
1119,529,61,1,209.9,209.9
1120,529,27,1,12.5,12.5
1121,529,22,1,22.5,22.5
1122,530,61,1,209.9,209.9
1123,530,42,2,189.9,379.8
1124,531,28,2,21.5,43.0
1125,531,22,2,22.5,45.0
1126,532,47,2,62.9,125.8
1127,533,25,1,27.5,27.5
1128,533,1,1,8.9,8.9
1129,534,33,3,19.9,59.7
1130,534,36,1,7.9,7.9
1131,534,8,1,27.9,27.9
1132,534,4,1,16.9,16.9
1133,534,61,2,209.9,419.8
1134,535,16,1,47.5,47.5
1135,535,8,2,27.9,55.8
1136,536,41,1,148.9,148.9
1137,536,22,2,22.5,45.0
1138,536,47,1,62.9,62.9
1139,537,26,1,10.2,10.2
1140,538,12,1,32.9,32.9
1141,538,60,2,149.9,299.8
1142,539,32,2,34.5,69.0
1143,539,40,1,84.5,84.5
1144,540,29,2,7.2,14.4
1145,541,67,1,14.2,14.2
1146,541,58,2,194.9,389.8
1147,541,22,1,22.5,22.5
1148,542,35,1,42.5,42.5
1149,542,12,1,32.9,32.9
1150,543,5,2,39.9,79.8
1151,543,42,1,189.9,189.9
1152,544,3,2,13.2,26.4
1153,544,57,1,32.5,32.5
1154,545,6,2,19.8,39.6
1155,545,30,2,17.2,34.4
1156,546,68,1,41.9,41.9
1157,547,51,1,71.9,71.9
1158,548,48,1,35.9,35.9
1159,548,1,1,8.9,8.9
1160,548,62,1,17.2,17.2
1161,549,18,2,33.8,67.6
1162,549,52,2,76.9,153.8
1163,549,42,2,189.9,379.8
1164,550,48,1,35.9,35.9
1165,550,47,1,62.9,62.9
1166,550,44,1,118.9,118.9
1167,551,20,1,17.2,17.2
1168,552,11,1,24.5,24.5
1169,553,63,1,9.5,9.5
1170,553,52,1,76.9,76.9
1171,554,69,3,419.9,1259.7
1172,555,66,2,17.9,35.8
1173,556,33,1,19.9,19.9
1174,556,55,2,8.5,17.0
1175,556,44,1,118.9,118.9
1176,557,51,1,71.9,71.9
1177,557,32,1,34.5,34.5
1178,558,68,1,41.9,41.9
1179,558,59,1,172.5,172.5
1180,558,6,1,19.8,19.8
1181,559,33,2,19.9,39.8
1182,560,32,1,34.5,34.5
1183,560,7,1,17.5,17.5
1184,561,35,1,42.5,42.5
1185,561,1,2,8.9,17.8
1186,561,53,1,19.5,19.5
1187,562,59,1,172.5,172.5
1188,562,54,1,16.2,16.2
1189,563,22,1,22.5,22.5
1190,564,48,1,35.9,35.9
1191,564,39,1,71.9,71.9
1192,564,38,1,98.9,98.9
1193,564,41,1,148.9,148.9
1194,564,58,1,194.9,194.9
1195,565,16,1,47.5,47.5
1196,566,54,2,16.2,32.4
1197,566,36,1,7.9,7.9
1198,566,41,1,148.9,148.9
1199,567,58,1,194.9,194.9
1200,567,21,1,20.9,20.9
1201,567,23,2,4.9,9.8
1202,568,18,3,33.8,101.4
1203,568,65,1,12.9,12.9
1204,569,50,1,43.9,43.9
1205,569,71,1,53.9,53.9
1206,570,27,1,12.5,12.5
1207,570,60,1,149.9,149.9
1208,570,59,1,172.5,172.5
1209,570,32,1,34.5,34.5
1210,571,5,1,39.9,39.9
1211,572,69,1,419.9,419.9
1212,572,4,2,16.9,33.8
1213,572,57,1,32.5,32.5
1214,573,19,2,19.5,39.0
1215,574,34,1,15.9,15.9
1216,574,13,1,39.8,39.8
1217,575,36,1,7.9,7.9
1218,576,40,1,84.5,84.5
1219,577,28,1,21.5,21.5
1220,578,65,1,12.9,12.9
1221,578,41,1,148.9,148.9
1222,579,29,1,7.2,7.2
1223,580,68,1,41.9,41.9
1224,580,30,1,17.2,17.2
1225,580,26,1,10.2,10.2
1226,581,67,1,14.2,14.2
1227,582,36,1,7.9,7.9
1228,583,62,1,17.2,17.2
1229,583,60,2,149.9,299.8
1230,583,13,1,39.8,39.8
1231,584,56,2,27.9,55.8
1232,584,15,1,35.9,35.9
1233,585,65,1,12.9,12.9
1234,586,24,1,26.9,26.9
1235,587,69,1,419.9,419.9
1236,587,24,1,26.9,26.9
1237,588,21,1,20.9,20.9
1238,589,35,1,42.5,42.5
1239,589,30,2,17.2,34.4
1240,589,34,1,15.9,15.9
1241,590,52,1,76.9,76.9
1242,590,8,2,27.9,55.8
1243,590,53,3,19.5,58.5
1244,591,26,1,10.2,10.2
1245,591,28,1,21.5,21.5
1246,592,63,1,9.5,9.5
1247,592,32,1,34.5,34.5
1248,592,36,1,7.9,7.9
1249,592,49,1,28.5,28.5
1250,592,8,2,27.9,55.8
1251,593,26,1,10.2,10.2
1252,594,41,2,148.9,297.8
1253,594,47,1,62.9,62.9
1254,594,58,1,194.9,194.9
1255,595,53,1,19.5,19.5
1256,596,42,1,189.9,189.9
1257,596,69,1,419.9,419.9
1258,596,63,2,9.5,19.0
1259,596,37,1,18.9,18.9
1260,597,56,1,27.9,27.9
1261,597,36,2,7.9,15.8
1262,597,60,2,149.9,299.8
1263,598,38,1,98.9,98.9
1264,598,1,1,8.9,8.9
1265,599,46,2,41.5,83.0
1266,599,20,1,17.2,17.2
1267,599,25,1,27.5,27.5
1268,600,55,3,8.5,25.5
1269,601,27,1,12.5,12.5
1270,601,49,1,28.5,28.5
1271,601,7,2,17.5,35.0
1272,601,58,1,194.9,194.9
1273,602,41,1,148.9,148.9
1274,602,54,3,16.2,48.6
1275,603,46,1,41.5,41.5
1276,603,47,2,62.9,125.8
1277,603,40,1,84.5,84.5
1278,603,9,3,10.2,30.6
1279,604,2,1,10.5,10.5
1280,605,54,3,16.2,48.6
1281,605,23,2,4.9,9.8
1282,605,67,2,14.2,28.4
1283,606,42,1,189.9,189.9
1284,607,13,1,39.8,39.8
1285,608,1,1,8.9,8.9
1286,609,26,1,10.2,10.2
1287,609,17,2,29.9,59.8
1288,609,29,1,7.2,7.2
1289,610,60,1,149.9,149.9
1290,611,5,3,39.9,119.7
1291,611,50,1,43.9,43.9
1292,611,7,1,17.5,17.5
1293,611,26,2,10.2,20.4
1294,612,34,1,15.9,15.9
1295,612,70,2,27.9,55.8
1296,613,13,2,39.8,79.6
1297,613,44,1,118.9,118.9
1298,614,17,1,29.9,29.9
1299,614,45,1,34.9,34.9
1300,614,40,2,84.5,169.0
1301,615,3,1,13.2,13.2
1302,616,68,1,41.9,41.9
1303,616,22,1,22.5,22.5
1304,616,48,1,35.9,35.9
1305,616,21,1,20.9,20.9
1306,617,52,2,76.9,153.8
1307,617,38,1,98.9,98.9
1308,617,50,1,43.9,43.9
1309,617,67,2,14.2,28.4
1310,617,54,1,16.2,16.2
1311,618,21,2,20.9,41.8
1312,619,36,1,7.9,7.9
1313,620,67,1,14.2,14.2
1314,620,40,2,84.5,169.0
1315,621,44,1,118.9,118.9
1316,621,35,1,42.5,42.5
1317,621,6,1,19.8,19.8
1318,621,49,2,28.5,57.0
1319,621,33,1,19.9,19.9
1320,622,64,1,15.2,15.2
1321,622,56,1,27.9,27.9
1322,622,54,2,16.2,32.4
1323,623,63,1,9.5,9.5
1324,623,32,1,34.5,34.5
1325,623,64,1,15.2,15.2
1326,624,14,1,62.9,62.9
1327,625,51,1,71.9,71.9
1328,625,6,2,19.8,39.6
1329,626,28,1,21.5,21.5
1330,626,24,2,26.9,53.8
1331,626,4,2,16.9,33.8
1332,626,43,2,169.9,339.8
1333,627,21,1,20.9,20.9
1334,627,27,2,12.5,25.0
1335,628,30,2,17.2,34.4
1336,628,41,1,148.9,148.9
1337,629,57,2,32.5,65.0
1338,629,47,3,62.9,188.7
1339,630,10,1,49.9,49.9
1340,631,38,1,98.9,98.9
1341,632,29,1,7.2,7.2
1342,633,71,1,53.9,53.9
1343,633,25,2,27.5,55.0
1344,634,48,1,35.9,35.9
1345,635,65,2,12.9,25.8
1346,636,7,1,17.5,17.5
1347,636,59,1,172.5,172.5
1348,637,46,1,41.5,41.5
1349,638,28,1,21.5,21.5
1350,638,58,1,194.9,194.9
1351,638,40,2,84.5,169.0
1352,638,69,2,419.9,839.8
1353,638,39,1,71.9,71.9
1354,639,9,1,10.2,10.2
1355,640,16,1,47.5,47.5
1356,640,43,2,169.9,339.8
1357,641,56,2,27.9,55.8
1358,642,8,3,27.9,83.7
1359,643,9,1,10.2,10.2
1360,643,23,1,4.9,4.9
1361,644,23,1,4.9,4.9
1362,644,65,2,12.9,25.8
1363,645,67,1,14.2,14.2
1364,646,71,1,53.9,53.9
1365,646,9,1,10.2,10.2
1366,646,44,2,118.9,237.8
1367,646,32,1,34.5,34.5
1368,647,67,1,14.2,14.2
1369,648,26,1,10.2,10.2
1370,649,37,1,18.9,18.9
1371,649,8,1,27.9,27.9
1372,650,39,1,71.9,71.9
1373,651,6,1,19.8,19.8
1374,651,28,1,21.5,21.5
1375,651,13,1,39.8,39.8
1376,652,1,3,8.9,26.7
1377,652,31,2,30.9,61.8
1378,652,43,1,169.9,169.9
1379,652,23,2,4.9,9.8
1380,653,35,1,42.5,42.5
1381,654,58,1,194.9,194.9
1382,655,51,1,71.9,71.9
1383,656,17,3,29.9,89.7
1384,656,67,1,14.2,14.2
1385,657,19,1,19.5,19.5
1386,657,57,1,32.5,32.5
1387,658,23,1,4.9,4.9
1388,659,57,2,32.5,65.0
1389,659,4,1,16.9,16.9
1390,659,9,1,10.2,10.2
1391,660,42,1,189.9,189.9
1392,660,48,1,35.9,35.9
1393,660,5,1,39.9,39.9
1394,661,61,2,209.9,419.8
1395,662,59,1,172.5,172.5
1396,662,62,1,17.2,17.2
1397,662,20,2,17.2,34.4
1398,662,69,3,419.9,1259.7
1399,662,47,1,62.9,62.9
1400,663,52,2,76.9,153.8
1401,663,17,1,29.9,29.9
1402,663,46,1,41.5,41.5
1403,663,27,2,12.5,25.0
1404,664,25,2,27.5,55.0
1405,665,14,1,62.9,62.9
1406,666,50,2,43.9,87.8
1407,667,52,1,76.9,76.9
1408,668,5,2,39.9,79.8
1409,668,13,1,39.8,39.8
1410,669,41,1,148.9,148.9
1411,669,58,2,194.9,389.8
1412,670,71,1,53.9,53.9
1413,670,61,1,209.9,209.9
1414,671,49,1,28.5,28.5
1415,671,62,1,17.2,17.2
1416,672,11,1,24.5,24.5
1417,672,48,1,35.9,35.9
1418,672,9,1,10.2,10.2
1419,672,23,1,4.9,4.9
1420,673,64,1,15.2,15.2
1421,673,3,1,13.2,13.2
1422,674,31,2,30.9,61.8
1423,675,2,2,10.5,21.0
1424,676,55,2,8.5,17.0
1425,676,53,2,19.5,39.0
1426,676,44,1,118.9,118.9
1427,676,17,1,29.9,29.9
1428,677,14,1,62.9,62.9
1429,677,32,1,34.5,34.5
1430,677,10,1,49.9,49.9
1431,678,59,2,172.5,345.0
1432,678,43,1,169.9,169.9
1433,679,7,2,17.5,35.0
1434,680,8,1,27.9,27.9
1435,681,24,2,26.9,53.8
1436,682,45,1,34.9,34.9
1437,682,31,1,30.9,30.9
1438,683,58,1,194.9,194.9
1439,684,41,1,148.9,148.9
1440,684,58,2,194.9,389.8
1441,685,60,2,149.9,299.8
1442,685,42,2,189.9,379.8
1443,686,49,1,28.5,28.5
1444,686,20,1,17.2,17.2
1445,686,52,2,76.9,153.8
1446,687,21,2,20.9,41.8
1447,687,39,2,71.9,143.8
1448,688,9,1,10.2,10.2
1449,688,42,2,189.9,379.8
1450,688,62,2,17.2,34.4
1451,688,38,1,98.9,98.9
1452,688,19,1,19.5,19.5
1453,689,17,1,29.9,29.9
1454,689,48,1,35.9,35.9
1455,689,61,1,209.9,209.9
1456,690,43,2,169.9,339.8
1457,690,25,3,27.5,82.5
1458,691,66,2,17.9,35.8
1459,692,36,2,7.9,15.8
1460,692,19,1,19.5,19.5
1461,692,47,1,62.9,62.9
1462,693,25,1,27.5,27.5
1463,693,16,1,47.5,47.5
1464,694,4,1,16.9,16.9
1465,695,41,2,148.9,297.8
1466,695,14,1,62.9,62.9
1467,696,19,2,19.5,39.0
1468,696,41,1,148.9,148.9
1469,697,66,1,17.9,17.9
1470,698,46,1,41.5,41.5
1471,698,44,1,118.9,118.9
1472,699,34,1,15.9,15.9
1473,700,18,2,33.8,67.6
1474,700,65,1,12.9,12.9
1475,700,41,1,148.9,148.9
1476,700,42,2,189.9,379.8
1477,700,50,1,43.9,43.9
1478,701,48,1,35.9,35.9
1479,701,66,1,17.9,17.9
1480,701,22,1,22.5,22.5
1481,702,34,1,15.9,15.9
1482,703,14,2,62.9,125.8
1483,704,30,1,17.2,17.2
1484,704,33,1,19.9,19.9
1485,705,63,1,9.5,9.5
1486,706,2,2,10.5,21.0
1487,707,48,1,35.9,35.9
1488,707,10,1,49.9,49.9
1489,708,4,1,16.9,16.9
1490,708,61,2,209.9,419.8
1491,708,23,1,4.9,4.9
1492,708,2,2,10.5,21.0
1493,709,5,1,39.9,39.9
1494,709,64,1,15.2,15.2
1495,710,4,1,16.9,16.9
1496,710,35,1,42.5,42.5
1497,710,25,1,27.5,27.5
1498,711,12,1,32.9,32.9
1499,712,23,1,4.9,4.9
1500,713,12,1,32.9,32.9
1501,713,33,1,19.9,19.9
1502,713,18,1,33.8,33.8
1503,713,43,1,169.9,169.9
1504,713,46,2,41.5,83.0
1505,714,27,3,12.5,37.5
1506,714,51,1,71.9,71.9
1507,714,11,1,24.5,24.5
1508,714,54,1,16.2,16.2
1509,714,15,1,35.9,35.9
1510,715,51,1,71.9,71.9
1511,715,67,1,14.2,14.2
1512,716,25,1,27.5,27.5
1513,716,1,2,8.9,17.8
1514,716,65,1,12.9,12.9
1515,716,14,1,62.9,62.9
1516,717,10,1,49.9,49.9
1517,717,9,1,10.2,10.2
1518,717,33,2,19.9,39.8
1519,718,6,3,19.8,59.4
1520,718,63,1,9.5,9.5
1521,719,63,3,9.5,28.5
1522,719,4,2,16.9,33.8
1523,719,49,1,28.5,28.5
1524,719,5,1,39.9,39.9
1525,720,58,1,194.9,194.9
1526,721,50,1,43.9,43.9
1527,721,69,1,419.9,419.9
1528,722,20,1,17.2,17.2
1529,722,10,1,49.9,49.9
1530,723,30,1,17.2,17.2
1531,723,57,1,32.5,32.5
1532,723,15,2,35.9,71.8
1533,724,14,1,62.9,62.9
1534,724,54,1,16.2,16.2
1535,725,18,1,33.8,33.8
1536,725,16,1,47.5,47.5
1537,725,4,1,16.9,16.9
1538,725,21,1,20.9,20.9
1539,726,19,1,19.5,19.5
1540,727,18,1,33.8,33.8
1541,728,10,1,49.9,49.9
1542,728,19,2,19.5,39.0
1543,729,47,1,62.9,62.9
1544,729,29,2,7.2,14.4
1545,729,34,1,15.9,15.9
1546,730,62,1,17.2,17.2
1547,730,66,1,17.9,17.9
1548,730,53,1,19.5,19.5
1549,730,21,1,20.9,20.9
1550,731,44,1,118.9,118.9
1551,732,18,1,33.8,33.8
1552,732,61,1,209.9,209.9
1553,733,42,2,189.9,379.8
1554,734,25,1,27.5,27.5
1555,734,18,1,33.8,33.8
1556,734,38,2,98.9,197.8
1557,735,44,2,118.9,237.8
1558,735,24,2,26.9,53.8
1559,736,49,2,28.5,57.0
1560,737,54,1,16.2,16.2
1561,737,26,3,10.2,30.6
1562,738,6,1,19.8,19.8
1563,738,9,1,10.2,10.2
1564,738,36,1,7.9,7.9
1565,738,14,2,62.9,125.8
1566,738,71,1,53.9,53.9
1567,739,35,1,42.5,42.5
1568,739,71,1,53.9,53.9
1569,740,35,2,42.5,85.0
1570,741,40,1,84.5,84.5
1571,742,49,1,28.5,28.5
1572,742,3,1,13.2,13.2
1573,743,48,2,35.9,71.8
1574,743,19,1,19.5,19.5
1575,744,61,3,209.9,629.7
1576,745,56,2,27.9,55.8
1577,746,67,3,14.2,42.6
1578,746,68,1,41.9,41.9
1579,746,26,2,10.2,20.4
1580,746,5,1,39.9,39.9
1581,747,36,1,7.9,7.9
1582,747,24,1,26.9,26.9
1583,747,30,1,17.2,17.2
1584,747,53,1,19.5,19.5
1585,748,26,1,10.2,10.2
1586,749,32,2,34.5,69.0
1587,749,2,1,10.5,10.5
1588,749,42,1,189.9,189.9
1589,749,22,1,22.5,22.5
1590,750,15,1,35.9,35.9
1591,750,32,1,34.5,34.5
1592,751,60,2,149.9,299.8
1593,751,67,1,14.2,14.2
1594,751,46,1,41.5,41.5
1595,751,52,1,76.9,76.9
1596,752,48,1,35.9,35.9
1597,752,4,1,16.9,16.9
1598,753,19,2,19.5,39.0
1599,753,3,2,13.2,26.4
1600,754,13,1,39.8,39.8
1601,754,38,2,98.9,197.8
1602,754,48,2,35.9,71.8
1603,754,7,2,17.5,35.0
1604,755,13,1,39.8,39.8
1605,756,42,1,189.9,189.9
1606,756,37,2,18.9,37.8
1607,757,20,2,17.2,34.4
1608,758,6,1,19.8,19.8
1609,758,39,1,71.9,71.9
1610,759,21,1,20.9,20.9
1611,759,5,2,39.9,79.8
1612,759,34,1,15.9,15.9
1613,759,62,1,17.2,17.2
1614,759,9,1,10.2,10.2
1615,760,43,1,169.9,169.9
1616,760,42,2,189.9,379.8
1617,760,68,1,41.9,41.9
1618,760,20,1,17.2,17.2
1619,761,52,2,76.9,153.8
1620,761,7,1,17.5,17.5
1621,761,39,2,71.9,143.8
1622,761,33,1,19.9,19.9
1623,761,14,3,62.9,188.7
1624,762,21,1,20.9,20.9
1625,763,4,2,16.9,33.8
1626,763,43,1,169.9,169.9
1627,764,22,1,22.5,22.5
1628,765,20,1,17.2,17.2
1629,765,7,1,17.5,17.5
1630,765,1,3,8.9,26.7
1631,765,61,1,209.9,209.9
1632,766,6,2,19.8,39.6
1633,766,1,1,8.9,8.9
1634,767,60,1,149.9,149.9
1635,768,61,3,209.9,629.7
1636,768,58,1,194.9,194.9
1637,768,46,1,41.5,41.5
1638,769,11,1,24.5,24.5
1639,770,56,2,27.9,55.8
1640,770,53,1,19.5,19.5
1641,770,16,1,47.5,47.5
1642,771,5,2,39.9,79.8
1643,772,55,1,8.5,8.5
1644,773,6,2,19.8,39.6
1645,774,44,1,118.9,118.9
1646,774,48,1,35.9,35.9
1647,775,68,1,41.9,41.9
1648,775,26,2,10.2,20.4
1649,776,9,2,10.2,20.4
1650,776,61,1,209.9,209.9
1651,777,5,1,39.9,39.9
1652,777,30,1,17.2,17.2
1653,777,33,1,19.9,19.9
1654,778,54,2,16.2,32.4
1655,778,3,1,13.2,13.2
1656,778,65,1,12.9,12.9
1657,778,40,1,84.5,84.5
1658,779,26,1,10.2,10.2
1659,779,2,1,10.5,10.5
1660,780,55,2,8.5,17.0
1661,780,27,1,12.5,12.5
1662,781,31,1,30.9,30.9
1663,782,66,1,17.9,17.9
1664,782,16,1,47.5,47.5
1665,783,12,1,32.9,32.9
1666,783,9,1,10.2,10.2
1667,784,56,2,27.9,55.8
1668,784,14,1,62.9,62.9
1669,784,66,1,17.9,17.9
1670,785,42,1,189.9,189.9
1671,785,48,1,35.9,35.9
1672,786,41,2,148.9,297.8
1673,787,5,2,39.9,79.8
1674,788,34,2,15.9,31.8
1675,789,3,1,13.2,13.2
1676,790,43,1,169.9,169.9
1677,790,41,1,148.9,148.9
1678,790,16,1,47.5,47.5
1679,790,24,1,26.9,26.9
1680,790,28,2,21.5,43.0
1681,791,52,2,76.9,153.8
1682,792,61,1,209.9,209.9
1683,792,47,1,62.9,62.9
1684,793,3,1,13.2,13.2
1685,793,61,2,209.9,419.8
1686,794,25,1,27.5,27.5
1687,794,64,1,15.2,15.2
1688,794,71,1,53.9,53.9
1689,795,16,1,47.5,47.5
1690,795,54,1,16.2,16.2
1691,795,33,1,19.9,19.9
1692,795,64,2,15.2,30.4
1693,796,10,3,49.9,149.7
1694,796,51,1,71.9,71.9
1695,796,18,1,33.8,33.8
1696,797,48,1,35.9,35.9
1697,798,32,1,34.5,34.5
1698,798,63,1,9.5,9.5
1699,798,36,1,7.9,7.9
1700,798,56,1,27.9,27.9
1701,799,2,2,10.5,21.0
1702,799,61,1,209.9,209.9
1703,800,57,1,32.5,32.5
1704,800,18,1,33.8,33.8
1705,801,67,2,14.2,28.4
1706,802,68,3,41.9,125.7
1707,802,24,1,26.9,26.9
1708,802,64,1,15.2,15.2
1709,802,1,1,8.9,8.9
1710,802,20,1,17.2,17.2
1711,803,46,1,41.5,41.5
1712,803,13,1,39.8,39.8
1713,803,49,1,28.5,28.5
1714,804,18,1,33.8,33.8
1715,804,30,1,17.2,17.2
1716,805,5,1,39.9,39.9
1717,805,33,1,19.9,19.9
1718,806,69,2,419.9,839.8
1719,807,28,2,21.5,43.0
1720,807,53,1,19.5,19.5
1721,808,13,3,39.8,119.4
1722,809,17,1,29.9,29.9
1723,810,56,2,27.9,55.8
1724,810,20,1,17.2,17.2
1725,810,9,1,10.2,10.2
1726,811,14,1,62.9,62.9
1727,812,69,1,419.9,419.9
1728,813,3,1,13.2,13.2
1729,813,26,2,10.2,20.4
1730,813,52,1,76.9,76.9
1731,814,18,1,33.8,33.8
1732,814,7,1,17.5,17.5
1733,814,67,1,14.2,14.2
1734,814,24,2,26.9,53.8
1735,815,18,2,33.8,67.6
1736,816,70,2,27.9,55.8
1737,816,11,1,24.5,24.5
1738,817,4,2,16.9,33.8
1739,817,11,2,24.5,49.0
1740,817,42,1,189.9,189.9
1741,817,22,1,22.5,22.5
1742,818,20,1,17.2,17.2
1743,818,46,1,41.5,41.5
1744,819,63,2,9.5,19.0
1745,819,67,1,14.2,14.2
1746,820,7,1,17.5,17.5
1747,821,31,1,30.9,30.9
1748,821,53,1,19.5,19.5
1749,822,61,1,209.9,209.9
1750,823,68,1,41.9,41.9
1751,823,24,1,26.9,26.9
1752,823,17,1,29.9,29.9
1753,823,9,1,10.2,10.2
1754,823,8,2,27.9,55.8
1755,824,32,1,34.5,34.5
1756,824,67,2,14.2,28.4
1757,825,67,1,14.2,14.2
1758,825,40,1,84.5,84.5
1759,825,53,2,19.5,39.0
1760,826,6,1,19.8,19.8
1761,826,50,3,43.9,131.7
1762,827,24,1,26.9,26.9
1763,827,38,2,98.9,197.8
1764,828,3,1,13.2,13.2
1765,828,29,1,7.2,7.2
1766,828,14,1,62.9,62.9
1767,828,48,2,35.9,71.8
1768,829,38,1,98.9,98.9
1769,829,31,1,30.9,30.9
1770,830,14,2,62.9,125.8
1771,830,12,1,32.9,32.9
1772,830,13,1,39.8,39.8
1773,831,52,1,76.9,76.9
1774,832,42,1,189.9,189.9
1775,832,50,1,43.9,43.9
1776,832,13,1,39.8,39.8
1777,833,54,1,16.2,16.2
1778,834,16,3,47.5,142.5
1779,835,10,2,49.9,99.8
1780,836,18,2,33.8,67.6
1781,837,44,1,118.9,118.9
1782,838,44,2,118.9,237.8
1783,838,31,1,30.9,30.9
1784,838,64,3,15.2,45.6
1785,839,27,1,12.5,12.5
1786,840,23,2,4.9,9.8
1787,841,19,3,19.5,58.5
1788,841,27,2,12.5,25.0
1789,842,62,2,17.2,34.4
1790,843,48,1,35.9,35.9
1791,844,3,2,13.2,26.4
1792,845,49,2,28.5,57.0
1793,845,38,1,98.9,98.9
1794,846,50,1,43.9,43.9
1795,846,32,1,34.5,34.5
1796,847,29,2,7.2,14.4
1797,847,38,1,98.9,98.9
1798,847,19,1,19.5,19.5
1799,848,4,1,16.9,16.9
1800,848,57,1,32.5,32.5
1801,849,18,3,33.8,101.4
1802,849,3,2,13.2,26.4
1803,849,37,1,18.9,18.9
1804,849,1,1,8.9,8.9
1805,849,45,1,34.9,34.9
1806,850,35,1,42.5,42.5
1807,851,19,1,19.5,19.5
1808,851,25,1,27.5,27.5
1809,851,68,2,41.9,83.8
1810,852,4,1,16.9,16.9
1811,852,22,1,22.5,22.5
1812,852,62,1,17.2,17.2
1813,852,29,1,7.2,7.2
1814,853,43,2,169.9,339.8
1815,853,4,1,16.9,16.9
1816,853,7,1,17.5,17.5
1817,854,26,1,10.2,10.2
1818,854,57,1,32.5,32.5
1819,855,58,2,194.9,389.8
1820,855,18,1,33.8,33.8
1821,855,52,1,76.9,76.9
1822,856,21,1,20.9,20.9
1823,857,12,3,32.9,98.7
1824,857,17,1,29.9,29.9
1825,858,22,1,22.5,22.5
1826,858,14,1,62.9,62.9
1827,858,11,1,24.5,24.5
1828,859,58,1,194.9,194.9
1829,860,6,3,19.8,59.4
1830,861,60,2,149.9,299.8
1831,862,24,1,26.9,26.9
1832,862,14,1,62.9,62.9
1833,863,30,1,17.2,17.2
1834,863,70,1,27.9,27.9
1835,864,70,1,27.9,27.9
1836,864,55,3,8.5,25.5
1837,864,52,1,76.9,76.9
1838,865,49,1,28.5,28.5
1839,865,70,2,27.9,55.8
1840,865,19,1,19.5,19.5
1841,866,58,1,194.9,194.9
1842,866,14,1,62.9,62.9
1843,867,6,1,19.8,19.8
1844,867,69,1,419.9,419.9
1845,867,35,2,42.5,85.0
1846,867,31,2,30.9,61.8
1847,867,56,3,27.9,83.7
1848,868,33,2,19.9,39.8
1849,868,65,1,12.9,12.9
1850,868,38,2,98.9,197.8
1851,868,17,1,29.9,29.9
1852,868,39,1,71.9,71.9
1853,869,23,1,4.9,4.9
1854,870,9,2,10.2,20.4
1855,871,20,1,17.2,17.2
1856,871,17,1,29.9,29.9
1857,872,48,2,35.9,71.8
1858,872,7,1,17.5,17.5
1859,872,35,2,42.5,85.0
1860,873,23,1,4.9,4.9
1861,873,44,2,118.9,237.8
1862,873,48,1,35.9,35.9
1863,873,35,1,42.5,42.5
1864,874,51,1,71.9,71.9
1865,874,29,2,7.2,14.4
1866,874,25,1,27.5,27.5
1867,875,44,2,118.9,237.8
1868,875,50,1,43.9,43.9
1869,875,22,1,22.5,22.5
1870,875,52,1,76.9,76.9
1871,876,63,1,9.5,9.5
1872,876,67,1,14.2,14.2
1873,877,16,2,47.5,95.0
1874,878,43,1,169.9,169.9
1875,878,31,1,30.9,30.9
1876,879,28,2,21.5,43.0
1877,880,20,1,17.2,17.2
1878,881,16,1,47.5,47.5
1879,881,68,2,41.9,83.8
1880,881,61,2,209.9,419.8
1881,881,8,1,27.9,27.9
1882,882,55,3,8.5,25.5
1883,882,54,2,16.2,32.4
1884,882,8,1,27.9,27.9
1885,883,36,2,7.9,15.8
1886,883,70,1,27.9,27.9
1887,883,44,1,118.9,118.9
1888,884,43,1,169.9,169.9
1889,884,4,2,16.9,33.8
1890,885,15,1,35.9,35.9
1891,885,42,1,189.9,189.9
1892,885,41,1,148.9,148.9
1893,885,9,1,10.2,10.2
1894,886,63,1,9.5,9.5
1895,886,19,2,19.5,39.0
1896,887,47,2,62.9,125.8
1897,888,18,1,33.8,33.8
1898,889,32,1,34.5,34.5
1899,890,23,1,4.9,4.9
1900,890,24,1,26.9,26.9
1901,890,45,2,34.9,69.8
1902,891,59,1,172.5,172.5
1903,891,49,1,28.5,28.5
1904,891,71,1,53.9,53.9
1905,892,28,1,21.5,21.5
1906,892,24,1,26.9,26.9
1907,892,4,1,16.9,16.9
1908,893,10,1,49.9,49.9
1909,893,39,1,71.9,71.9
1910,893,31,1,30.9,30.9
1911,893,71,1,53.9,53.9
1912,894,60,1,149.9,149.9
1913,894,64,2,15.2,30.4
1914,895,58,1,194.9,194.9
1915,896,68,2,41.9,83.8
1916,896,64,1,15.2,15.2
1917,897,13,1,39.8,39.8
1918,897,18,2,33.8,67.6
1919,897,47,2,62.9,125.8
1920,898,57,1,32.5,32.5
1921,898,45,1,34.9,34.9
1922,898,27,1,12.5,12.5
1923,898,48,1,35.9,35.9
1924,899,11,1,24.5,24.5
1925,899,42,1,189.9,189.9
1926,900,45,1,34.9,34.9
1927,900,4,1,16.9,16.9
1928,900,12,2,32.9,65.8
1929,900,39,1,71.9,71.9
1930,901,19,1,19.5,19.5
1931,901,51,1,71.9,71.9
1932,901,7,1,17.5,17.5
1933,901,20,2,17.2,34.4
1934,901,15,1,35.9,35.9
1935,902,24,1,26.9,26.9
1936,903,28,1,21.5,21.5
1937,903,5,1,39.9,39.9
1938,903,38,1,98.9,98.9
1939,903,25,1,27.5,27.5
1940,904,51,1,71.9,71.9
1941,905,25,2,27.5,55.0
1942,905,47,2,62.9,125.8
1943,905,45,1,34.9,34.9
1944,906,3,1,13.2,13.2
1945,906,13,1,39.8,39.8
1946,907,34,1,15.9,15.9
1947,907,10,3,49.9,149.7
1948,907,20,2,17.2,34.4
1949,908,11,2,24.5,49.0
1950,908,56,1,27.9,27.9
1951,908,55,1,8.5,8.5
1952,909,1,1,8.9,8.9
1953,909,29,1,7.2,7.2
1954,909,37,1,18.9,18.9
1955,910,48,1,35.9,35.9
1956,910,57,2,32.5,65.0
1957,911,1,1,8.9,8.9
1958,911,15,1,35.9,35.9
1959,912,12,1,32.9,32.9
1960,913,14,1,62.9,62.9
1961,913,44,1,118.9,118.9
1962,913,8,1,27.9,27.9
1963,913,60,1,149.9,149.9
1964,914,23,1,4.9,4.9
1965,914,15,1,35.9,35.9
1966,914,26,1,10.2,10.2
1967,915,26,3,10.2,30.6
1968,916,11,1,24.5,24.5
1969,916,46,2,41.5,83.0
1970,916,9,1,10.2,10.2
1971,917,15,1,35.9,35.9
1972,918,9,1,10.2,10.2
1973,918,35,3,42.5,127.5
1974,918,1,1,8.9,8.9
1975,918,41,2,148.9,297.8
1976,919,29,1,7.2,7.2
1977,919,9,1,10.2,10.2
1978,920,7,1,17.5,17.5
1979,921,15,3,35.9,107.7
1980,922,7,1,17.5,17.5
1981,923,34,2,15.9,31.8
1982,923,13,2,39.8,79.6
1983,923,70,1,27.9,27.9
1984,924,69,2,419.9,839.8
1985,924,65,2,12.9,25.8
1986,924,38,3,98.9,296.7
1987,924,66,2,17.9,35.8
1988,924,4,2,16.9,33.8
1989,925,2,1,10.5,10.5
1990,925,70,2,27.9,55.8
1991,926,52,1,76.9,76.9
1992,927,65,2,12.9,25.8
1993,927,20,1,17.2,17.2
1994,927,60,2,149.9,299.8
1995,928,55,1,8.5,8.5
1996,928,15,1,35.9,35.9
1997,928,46,1,41.5,41.5
1998,929,59,1,172.5,172.5
1999,930,49,1,28.5,28.5
2000,930,50,1,43.9,43.9
2001,930,70,1,27.9,27.9
2002,931,32,1,34.5,34.5
2003,931,53,1,19.5,19.5
2004,932,34,1,15.9,15.9
2005,932,51,3,71.9,215.7
2006,933,32,3,34.5,103.5
2007,933,46,2,41.5,83.0
2008,933,21,2,20.9,41.8
2009,934,13,1,39.8,39.8
2010,934,52,2,76.9,153.8
2011,935,25,1,27.5,27.5
2012,936,34,1,15.9,15.9
2013,937,11,1,24.5,24.5
2014,938,69,1,419.9,419.9
2015,938,32,1,34.5,34.5
2016,939,7,1,17.5,17.5
2017,939,15,1,35.9,35.9
2018,939,16,1,47.5,47.5
2019,939,18,1,33.8,33.8
2020,939,24,1,26.9,26.9
2021,940,51,1,71.9,71.9
2022,940,27,1,12.5,12.5
2023,940,54,2,16.2,32.4
2024,941,39,3,71.9,215.7
2025,941,18,1,33.8,33.8
2026,941,68,1,41.9,41.9
2027,942,56,1,27.9,27.9
2028,943,41,1,148.9,148.9
2029,943,29,1,7.2,7.2
2030,943,25,2,27.5,55.0
2031,943,65,1,12.9,12.9
2032,943,4,1,16.9,16.9
2033,944,45,2,34.9,69.8
2034,944,30,1,17.2,17.2
2035,945,40,2,84.5,169.0
2036,945,52,1,76.9,76.9
2037,945,18,1,33.8,33.8
2038,946,67,3,14.2,42.6
2039,946,50,1,43.9,43.9
2040,947,46,1,41.5,41.5
2041,948,19,2,19.5,39.0
2042,948,15,1,35.9,35.9
2043,949,7,1,17.5,17.5
2044,949,60,2,149.9,299.8
2045,949,71,1,53.9,53.9
2046,950,35,1,42.5,42.5
2047,950,7,2,17.5,35.0
2048,951,25,1,27.5,27.5
2049,952,58,1,194.9,194.9
2050,952,57,1,32.5,32.5
2051,952,51,1,71.9,71.9
2052,952,27,1,12.5,12.5
2053,952,32,1,34.5,34.5
2054,953,9,1,10.2,10.2
2055,954,70,1,27.9,27.9
2056,955,14,2,62.9,125.8
2057,955,66,1,17.9,17.9
2058,955,9,1,10.2,10.2
2059,956,69,2,419.9,839.8
2060,956,27,2,12.5,25.0
2061,957,42,1,189.9,189.9
2062,957,31,1,30.9,30.9
2063,957,16,1,47.5,47.5
2064,958,8,1,27.9,27.9
2065,959,12,2,32.9,65.8
2066,960,21,1,20.9,20.9
2067,960,67,1,14.2,14.2
2068,961,66,2,17.9,35.8
2069,961,7,1,17.5,17.5
2070,962,56,1,27.9,27.9
2071,962,49,2,28.5,57.0
2072,963,25,2,27.5,55.0
2073,963,48,1,35.9,35.9
2074,963,50,2,43.9,87.8
2075,964,54,1,16.2,16.2
2076,964,71,1,53.9,53.9
2077,965,59,2,172.5,345.0
2078,965,52,1,76.9,76.9
2079,965,24,1,26.9,26.9
2080,965,1,2,8.9,17.8
2081,965,48,1,35.9,35.9
2082,966,51,2,71.9,143.8
2083,967,13,1,39.8,39.8
2084,967,52,2,76.9,153.8
2085,968,38,1,98.9,98.9
2086,968,71,1,53.9,53.9
2087,969,16,2,47.5,95.0
2088,969,61,1,209.9,209.9
2089,969,68,1,41.9,41.9
2090,969,63,2,9.5,19.0
2091,970,56,2,27.9,55.8
2092,971,1,2,8.9,17.8
2093,972,59,1,172.5,172.5
2094,972,63,1,9.5,9.5
2095,972,38,1,98.9,98.9
2096,972,12,1,32.9,32.9
2097,972,18,1,33.8,33.8
2098,973,62,1,17.2,17.2
2099,974,14,1,62.9,62.9
2100,974,71,2,53.9,107.8
2101,974,45,1,34.9,34.9
2102,974,38,1,98.9,98.9
2103,975,9,2,10.2,20.4
2104,975,52,2,76.9,153.8
2105,975,29,1,7.2,7.2
2106,976,36,1,7.9,7.9
2107,977,50,2,43.9,87.8
2108,977,70,2,27.9,55.8
2109,978,1,2,8.9,17.8
2110,978,23,2,4.9,9.8
2111,979,57,1,32.5,32.5
2112,979,7,1,17.5,17.5
2113,979,18,1,33.8,33.8
2114,980,40,1,84.5,84.5
2115,980,42,1,189.9,189.9
2116,981,61,2,209.9,419.8
2117,982,28,1,21.5,21.5
2118,982,10,1,49.9,49.9
2119,983,47,1,62.9,62.9
2120,983,57,2,32.5,65.0
2121,983,33,1,19.9,19.9
2122,984,71,1,53.9,53.9
2123,985,39,1,71.9,71.9
2124,985,52,1,76.9,76.9
2125,985,18,1,33.8,33.8
2126,985,70,1,27.9,27.9
2127,986,2,2,10.5,21.0
2128,986,5,2,39.9,79.8
2129,986,70,1,27.9,27.9
2130,987,65,1,12.9,12.9
2131,987,50,3,43.9,131.7
2132,988,48,2,35.9,71.8
2133,988,30,2,17.2,34.4
2134,988,41,1,148.9,148.9
2135,989,8,2,27.9,55.8
2136,989,2,1,10.5,10.5
2137,989,21,1,20.9,20.9
2138,989,54,1,16.2,16.2
2139,990,44,1,118.9,118.9
2140,990,5,1,39.9,39.9
2141,991,47,1,62.9,62.9
2142,991,4,2,16.9,33.8
2143,991,30,1,17.2,17.2
2144,992,36,1,7.9,7.9
2145,993,13,3,39.8,119.4
2146,993,29,1,7.2,7.2
2147,994,50,1,43.9,43.9
2148,995,62,2,17.2,34.4
2149,995,34,2,15.9,31.8
2150,995,6,3,19.8,59.4
2151,996,48,1,35.9,35.9
2152,996,29,1,7.2,7.2
2153,997,49,1,28.5,28.5
2154,997,41,2,148.9,297.8
2155,998,29,1,7.2,7.2
2156,999,70,1,27.9,27.9
2157,1000,1,1,8.9,8.9
2158,1001,24,1,26.9,26.9
2159,1001,12,2,32.9,65.8
2160,1002,48,1,35.9,35.9
2161,1003,45,2,34.9,69.8
2162,1004,9,2,10.2,20.4
2163,1004,46,1,41.5,41.5
2164,1004,68,2,41.9,83.8
2165,1005,11,1,24.5,24.5
2166,1005,41,1,148.9,148.9
2167,1006,69,2,419.9,839.8
2168,1007,66,2,17.9,35.8
2169,1007,36,1,7.9,7.9
2170,1007,43,3,169.9,509.7
2171,1007,40,1,84.5,84.5
2172,1008,18,1,33.8,33.8
2173,1008,20,1,17.2,17.2
2174,1008,8,1,27.9,27.9
2175,1008,33,1,19.9,19.9
2176,1008,12,1,32.9,32.9
2177,1009,2,1,10.5,10.5
2178,1010,17,1,29.9,29.9
2179,1010,14,2,62.9,125.8
2180,1011,45,1,34.9,34.9
2181,1011,30,1,17.2,17.2
2182,1011,57,2,32.5,65.0
2183,1012,10,1,49.9,49.9
2184,1012,61,1,209.9,209.9
2185,1012,39,2,71.9,143.8
2186,1013,21,1,20.9,20.9
2187,1013,20,2,17.2,34.4
2188,1014,59,2,172.5,345.0
2189,1014,6,2,19.8,39.6
2190,1014,50,1,43.9,43.9
2191,1014,30,1,17.2,17.2
2192,1015,26,1,10.2,10.2
2193,1015,40,1,84.5,84.5
2194,1016,16,1,47.5,47.5
2195,1017,13,1,39.8,39.8
2196,1017,66,1,17.9,17.9
2197,1017,6,3,19.8,59.4
2198,1018,49,1,28.5,28.5
2199,1018,34,1,15.9,15.9
2200,1018,29,1,7.2,7.2
2201,1019,29,1,7.2,7.2
2202,1019,32,1,34.5,34.5
2203,1020,35,1,42.5,42.5
2204,1020,48,1,35.9,35.9
2205,1020,60,1,149.9,149.9
2206,1020,50,2,43.9,87.8
2207,1020,64,2,15.2,30.4
2208,1021,35,3,42.5,127.5
2209,1021,51,1,71.9,71.9
2210,1021,50,1,43.9,43.9
2211,1021,65,1,12.9,12.9
2212,1021,49,1,28.5,28.5
2213,1022,52,1,76.9,76.9
2214,1023,31,1,30.9,30.9
2215,1024,21,2,20.9,41.8
2216,1025,29,1,7.2,7.2
2217,1025,14,1,62.9,62.9
2218,1025,3,2,13.2,26.4
2219,1026,41,1,148.9,148.9
2220,1026,21,2,20.9,41.8
2221,1027,64,1,15.2,15.2
2222,1027,7,1,17.5,17.5
2223,1027,15,1,35.9,35.9
2224,1028,17,1,29.9,29.9
2225,1028,56,1,27.9,27.9
2226,1029,57,1,32.5,32.5
2227,1029,69,2,419.9,839.8
2228,1029,9,1,10.2,10.2
2229,1030,41,1,148.9,148.9
2230,1031,51,1,71.9,71.9
2231,1032,67,2,14.2,28.4
2232,1032,51,1,71.9,71.9
2233,1032,23,1,4.9,4.9
2234,1033,28,1,21.5,21.5
2235,1033,31,1,30.9,30.9
2236,1033,19,2,19.5,39.0
2237,1034,29,1,7.2,7.2
2238,1034,46,1,41.5,41.5
2239,1034,17,1,29.9,29.9
2240,1035,65,1,12.9,12.9
2241,1035,21,1,20.9,20.9
2242,1035,26,1,10.2,10.2
2243,1035,49,1,28.5,28.5
2244,1035,5,1,39.9,39.9
2245,1036,56,1,27.9,27.9
2246,1036,34,1,15.9,15.9
2247,1036,69,2,419.9,839.8
2248,1036,52,1,76.9,76.9
2249,1037,38,1,98.9,98.9
2250,1038,46,1,41.5,41.5
2251,1039,62,2,17.2,34.4
2252,1039,32,1,34.5,34.5
2253,1039,9,1,10.2,10.2
2254,1040,16,2,47.5,95.0
2255,1040,42,1,189.9,189.9
2256,1040,20,2,17.2,34.4
2257,1040,2,1,10.5,10.5
2258,1041,36,2,7.9,15.8
2259,1042,10,1,49.9,49.9
2260,1043,64,2,15.2,30.4
2261,1043,46,1,41.5,41.5
2262,1044,12,1,32.9,32.9
2263,1045,67,1,14.2,14.2
2264,1045,61,1,209.9,209.9
2265,1046,44,1,118.9,118.9
2266,1047,40,1,84.5,84.5
2267,1047,26,1,10.2,10.2
2268,1047,15,1,35.9,35.9
2269,1047,12,1,32.9,32.9
2270,1048,4,1,16.9,16.9
2271,1048,45,1,34.9,34.9
2272,1049,60,1,149.9,149.9
2273,1049,51,1,71.9,71.9
2274,1049,40,1,84.5,84.5
2275,1049,70,1,27.9,27.9
2276,1049,56,1,27.9,27.9
2277,1050,32,1,34.5,34.5
2278,1051,46,1,41.5,41.5
2279,1052,21,1,20.9,20.9
2280,1053,43,1,169.9,169.9
2281,1053,51,1,71.9,71.9
2282,1054,40,1,84.5,84.5
2283,1054,16,1,47.5,47.5
2284,1054,51,1,71.9,71.9
2285,1055,3,2,13.2,26.4
2286,1055,68,2,41.9,83.8
2287,1056,69,1,419.9,419.9
2288,1057,23,1,4.9,4.9
2289,1058,44,2,118.9,237.8
2290,1058,61,1,209.9,209.9
2291,1059,29,1,7.2,7.2
2292,1059,7,2,17.5,35.0
2293,1059,4,1,16.9,16.9
2294,1060,44,1,118.9,118.9
2295,1061,39,1,71.9,71.9
2296,1061,25,1,27.5,27.5
2297,1062,21,2,20.9,41.8
2298,1062,18,1,33.8,33.8
2299,1062,5,1,39.9,39.9
2300,1063,51,1,71.9,71.9
2301,1063,70,2,27.9,55.8
2302,1063,4,3,16.9,50.7
2303,1064,63,1,9.5,9.5
2304,1064,57,1,32.5,32.5
2305,1064,37,3,18.9,56.7
2306,1065,55,1,8.5,8.5
2307,1065,51,1,71.9,71.9
2308,1065,44,2,118.9,237.8
2309,1065,24,2,26.9,53.8
2310,1066,28,1,21.5,21.5
2311,1066,27,1,12.5,12.5
2312,1066,2,1,10.5,10.5
2313,1066,30,1,17.2,17.2
2314,1066,3,1,13.2,13.2
2315,1067,41,2,148.9,297.8
2316,1067,32,1,34.5,34.5
2317,1068,63,1,9.5,9.5
2318,1069,3,2,13.2,26.4
2319,1069,12,3,32.9,98.7
2320,1069,59,1,172.5,172.5
2321,1070,14,1,62.9,62.9
2322,1070,61,1,209.9,209.9
2323,1070,64,1,15.2,15.2
2324,1071,57,1,32.5,32.5
2325,1071,20,2,17.2,34.4
2326,1071,61,1,209.9,209.9
2327,1071,19,1,19.5,19.5
2328,1072,19,1,19.5,19.5
2329,1072,32,1,34.5,34.5
2330,1073,31,3,30.9,92.7
2331,1073,45,1,34.9,34.9
2332,1074,38,1,98.9,98.9
2333,1074,5,1,39.9,39.9
2334,1074,29,1,7.2,7.2
2335,1075,64,2,15.2,30.4
2336,1076,42,1,189.9,189.9
2337,1077,26,1,10.2,10.2
2338,1077,38,2,98.9,197.8
2339,1077,39,1,71.9,71.9
2340,1078,49,1,28.5,28.5
2341,1078,65,2,12.9,25.8
2342,1078,45,1,34.9,34.9
2343,1078,10,1,49.9,49.9
2344,1079,24,1,26.9,26.9
2345,1080,11,1,24.5,24.5
2346,1081,53,1,19.5,19.5
2347,1081,28,1,21.5,21.5
2348,1081,6,1,19.8,19.8
2349,1081,20,1,17.2,17.2
2350,1082,24,1,26.9,26.9
2351,1082,6,1,19.8,19.8
2352,1082,56,1,27.9,27.9
2353,1083,35,1,42.5,42.5
2354,1084,38,1,98.9,98.9
2355,1085,15,1,35.9,35.9
2356,1086,23,1,4.9,4.9
2357,1086,65,1,12.9,12.9
2358,1086,64,1,15.2,15.2
2359,1087,56,2,27.9,55.8
2360,1088,9,1,10.2,10.2
2361,1089,15,2,35.9,71.8
2362,1089,12,1,32.9,32.9
2363,1089,61,2,209.9,419.8
2364,1090,71,1,53.9,53.9
2365,1091,21,1,20.9,20.9
2366,1092,71,2,53.9,107.8
2367,1092,1,2,8.9,17.8
2368,1092,46,1,41.5,41.5
2369,1092,21,1,20.9,20.9
2370,1093,23,1,4.9,4.9
2371,1093,27,2,12.5,25.0
2372,1093,65,1,12.9,12.9
2373,1093,50,2,43.9,87.8
2374,1094,59,1,172.5,172.5
2375,1095,20,2,17.2,34.4
2376,1095,13,1,39.8,39.8
2377,1095,70,2,27.9,55.8
2378,1095,66,1,17.9,17.9
2379,1096,50,1,43.9,43.9
2380,1096,13,1,39.8,39.8
2381,1097,17,1,29.9,29.9
2382,1098,70,1,27.9,27.9
2383,1098,39,1,71.9,71.9
2384,1099,22,1,22.5,22.5
2385,1099,46,1,41.5,41.5
2386,1100,2,2,10.5,21.0
2387,1100,57,2,32.5,65.0
2388,1101,57,1,32.5,32.5
2389,1102,37,1,18.9,18.9
2390,1102,52,1,76.9,76.9
2391,1102,36,2,7.9,15.8
2392,1103,69,1,419.9,419.9
2393,1103,14,1,62.9,62.9
2394,1103,49,1,28.5,28.5
2395,1104,5,1,39.9,39.9
2396,1105,33,1,19.9,19.9
2397,1105,46,2,41.5,83.0
2398,1106,61,1,209.9,209.9
2399,1107,28,1,21.5,21.5
2400,1108,50,2,43.9,87.8
2401,1108,38,3,98.9,296.7
2402,1108,13,1,39.8,39.8
2403,1108,34,2,15.9,31.8
2404,1108,25,1,27.5,27.5
2405,1109,5,1,39.9,39.9
2406,1109,4,2,16.9,33.8
2407,1110,62,1,17.2,17.2
2408,1111,42,2,189.9,379.8
2409,1112,31,1,30.9,30.9
2410,1113,48,1,35.9,35.9
2411,1113,29,1,7.2,7.2
2412,1113,56,2,27.9,55.8
2413,1114,8,1,27.9,27.9
2414,1115,60,1,149.9,149.9
2415,1115,64,2,15.2,30.4
2416,1116,40,1,84.5,84.5
2417,1116,22,1,22.5,22.5
2418,1117,7,1,17.5,17.5
2419,1118,19,1,19.5,19.5
2420,1119,26,1,10.2,10.2
2421,1119,34,2,15.9,31.8
2422,1120,26,2,10.2,20.4
2423,1120,31,3,30.9,92.7
2424,1120,67,1,14.2,14.2
2425,1121,56,1,27.9,27.9
2426,1122,66,1,17.9,17.9
2427,1123,49,1,28.5,28.5
2428,1123,21,1,20.9,20.9
2429,1124,56,3,27.9,83.7
2430,1124,34,1,15.9,15.9
2431,1125,69,2,419.9,839.8
2432,1125,30,1,17.2,17.2
2433,1126,66,2,17.9,35.8
2434,1127,63,1,9.5,9.5
2435,1127,43,1,169.9,169.9
2436,1127,45,1,34.9,34.9
2437,1127,67,1,14.2,14.2
2438,1128,39,1,71.9,71.9
2439,1128,68,1,41.9,41.9
2440,1128,70,2,27.9,55.8
2441,1129,27,1,12.5,12.5
2442,1130,65,1,12.9,12.9
2443,1131,44,2,118.9,237.8
2444,1131,2,1,10.5,10.5
2445,1131,3,1,13.2,13.2
2446,1131,22,1,22.5,22.5
2447,1132,65,1,12.9,12.9
2448,1133,16,1,47.5,47.5
2449,1133,31,3,30.9,92.7
2450,1133,11,1,24.5,24.5
2451,1134,68,1,41.9,41.9
2452,1135,9,2,10.2,20.4
2453,1136,52,1,76.9,76.9
2454,1136,32,1,34.5,34.5
2455,1137,32,1,34.5,34.5
2456,1138,32,3,34.5,103.5
2457,1138,51,1,71.9,71.9
2458,1139,49,1,28.5,28.5
2459,1139,53,1,19.5,19.5
2460,1139,1,1,8.9,8.9
2461,1140,27,1,12.5,12.5
2462,1140,43,1,169.9,169.9
2463,1140,69,3,419.9,1259.7
2464,1140,39,3,71.9,215.7
2465,1141,66,2,17.9,35.8
2466,1142,53,1,19.5,19.5
2467,1143,65,1,12.9,12.9
2468,1144,43,1,169.9,169.9
2469,1144,69,1,419.9,419.9
2470,1144,59,1,172.5,172.5
2471,1145,35,1,42.5,42.5
2472,1145,5,1,39.9,39.9
2473,1145,26,1,10.2,10.2
2474,1146,37,2,18.9,37.8
2475,1147,54,1,16.2,16.2
2476,1147,3,1,13.2,13.2
2477,1148,5,2,39.9,79.8
2478,1149,35,1,42.5,42.5
2479,1149,13,1,39.8,39.8
2480,1149,28,2,21.5,43.0
2481,1150,60,1,149.9,149.9
2482,1150,4,2,16.9,33.8
2483,1151,39,1,71.9,71.9
2484,1151,19,2,19.5,39.0
2485,1151,24,1,26.9,26.9
2486,1151,38,1,98.9,98.9
2487,1151,2,1,10.5,10.5
2488,1152,20,1,17.2,17.2
2489,1152,70,1,27.9,27.9
2490,1153,9,1,10.2,10.2
2491,1153,47,1,62.9,62.9
2492,1153,26,1,10.2,10.2
2493,1154,60,1,149.9,149.9
2494,1155,66,2,17.9,35.8
2495,1155,61,1,209.9,209.9
2496,1156,64,1,15.2,15.2
2497,1156,15,3,35.9,107.7
2498,1156,22,1,22.5,22.5
2499,1157,17,1,29.9,29.9
2500,1157,24,1,26.9,26.9
2501,1157,47,1,62.9,62.9
2502,1157,19,1,19.5,19.5
2503,1158,58,2,194.9,389.8
2504,1159,61,1,209.9,209.9
2505,1159,53,1,19.5,19.5
2506,1159,11,1,24.5,24.5
2507,1159,60,3,149.9,449.7
2508,1160,15,1,35.9,35.9
2509,1161,69,1,419.9,419.9
2510,1161,53,1,19.5,19.5
2511,1162,34,1,15.9,15.9
2512,1163,17,1,29.9,29.9
2513,1163,11,1,24.5,24.5
2514,1164,26,3,10.2,30.6
2515,1164,42,1,189.9,189.9
2516,1165,36,1,7.9,7.9
2517,1165,56,2,27.9,55.8
2518,1166,28,1,21.5,21.5
2519,1166,1,1,8.9,8.9
2520,1166,8,1,27.9,27.9
2521,1166,3,1,13.2,13.2
2522,1167,16,1,47.5,47.5
2523,1167,33,2,19.9,39.8
2524,1167,52,1,76.9,76.9
2525,1167,1,1,8.9,8.9
2526,1167,3,2,13.2,26.4
2527,1168,59,1,172.5,172.5
2528,1168,6,1,19.8,19.8
2529,1169,32,1,34.5,34.5
2530,1170,11,1,24.5,24.5
2531,1170,13,1,39.8,39.8
2532,1170,67,1,14.2,14.2
2533,1170,41,1,148.9,148.9
2534,1170,12,1,32.9,32.9
2535,1171,27,1,12.5,12.5
2536,1172,52,1,76.9,76.9
2537,1173,65,1,12.9,12.9
2538,1173,20,1,17.2,17.2
2539,1173,18,2,33.8,67.6
2540,1173,29,3,7.2,21.6
2541,1174,30,2,17.2,34.4
2542,1175,13,3,39.8,119.4
2543,1176,45,2,34.9,69.8
2544,1176,3,1,13.2,13.2
2545,1176,37,1,18.9,18.9
2546,1176,51,1,71.9,71.9
2547,1176,15,1,35.9,35.9
2548,1177,26,1,10.2,10.2
2549,1177,17,1,29.9,29.9
2550,1177,55,1,8.5,8.5
2551,1177,9,1,10.2,10.2
2552,1178,40,3,84.5,253.5
2553,1178,23,2,4.9,9.8
2554,1178,19,1,19.5,19.5
2555,1178,57,2,32.5,65.0
2556,1178,54,1,16.2,16.2
2557,1179,31,1,30.9,30.9
2558,1180,24,3,26.9,80.7
2559,1180,51,1,71.9,71.9
2560,1180,58,2,194.9,389.8
2561,1181,57,2,32.5,65.0
2562,1181,53,1,19.5,19.5
2563,1181,70,1,27.9,27.9
2564,1181,66,1,17.9,17.9
2565,1181,35,1,42.5,42.5
2566,1182,19,1,19.5,19.5
2567,1183,44,2,118.9,237.8
2568,1184,37,1,18.9,18.9
2569,1185,55,1,8.5,8.5
2570,1185,30,1,17.2,17.2
2571,1185,40,1,84.5,84.5
2572,1185,29,2,7.2,14.4
2573,1186,3,1,13.2,13.2
2574,1186,45,1,34.9,34.9
2575,1186,13,2,39.8,79.6
2576,1186,6,1,19.8,19.8
2577,1187,55,1,8.5,8.5
2578,1187,1,2,8.9,17.8
2579,1187,31,2,30.9,61.8
2580,1187,64,1,15.2,15.2
2581,1187,19,3,19.5,58.5
2582,1188,12,2,32.9,65.8
2583,1189,54,2,16.2,32.4
2584,1189,6,2,19.8,39.6
2585,1189,14,2,62.9,125.8
2586,1190,60,1,149.9,149.9
2587,1190,68,1,41.9,41.9
2588,1191,57,2,32.5,65.0
2589,1191,67,1,14.2,14.2
2590,1192,61,1,209.9,209.9
2591,1192,20,1,17.2,17.2
2592,1193,6,1,19.8,19.8
2593,1193,58,1,194.9,194.9
2594,1193,54,2,16.2,32.4
2595,1194,22,1,22.5,22.5
2596,1195,50,1,43.9,43.9
2597,1196,56,1,27.9,27.9
2598,1196,16,2,47.5,95.0
2599,1197,39,1,71.9,71.9
2600,1197,19,1,19.5,19.5
2601,1198,37,1,18.9,18.9
2602,1198,28,2,21.5,43.0
2603,1198,15,1,35.9,35.9
2604,1199,2,1,10.5,10.5
2605,1199,41,1,148.9,148.9
2606,1199,30,2,17.2,34.4
2607,1200,43,1,169.9,169.9
2608,1200,30,1,17.2,17.2
2609,1200,40,1,84.5,84.5
2610,1201,55,1,8.5,8.5
2611,1201,16,1,47.5,47.5
2612,1202,48,2,35.9,71.8
2613,1203,50,1,43.9,43.9
2614,1204,46,1,41.5,41.5
2615,1205,30,1,17.2,17.2
2616,1205,62,1,17.2,17.2
2617,1205,8,1,27.9,27.9
2618,1205,28,1,21.5,21.5
2619,1205,13,1,39.8,39.8
2620,1206,43,2,169.9,339.8
2621,1206,34,1,15.9,15.9
2622,1207,58,1,194.9,194.9
2623,1208,61,1,209.9,209.9
2624,1208,54,1,16.2,16.2
2625,1208,18,1,33.8,33.8
2626,1208,46,2,41.5,83.0
2627,1209,8,1,27.9,27.9
2628,1210,54,2,16.2,32.4
2629,1211,58,1,194.9,194.9
2630,1212,31,2,30.9,61.8
2631,1212,68,1,41.9,41.9
2632,1212,34,2,15.9,31.8
2633,1212,19,2,19.5,39.0
2634,1213,60,2,149.9,299.8
2635,1214,70,1,27.9,27.9
2636,1214,48,1,35.9,35.9
2637,1215,24,3,26.9,80.7
2638,1215,4,3,16.9,50.7
2639,1215,53,2,19.5,39.0
2640,1216,60,2,149.9,299.8
2641,1217,26,1,10.2,10.2
2642,1218,57,3,32.5,97.5
2643,1218,56,2,27.9,55.8
2644,1219,71,1,53.9,53.9
2645,1219,42,1,189.9,189.9
2646,1219,14,1,62.9,62.9
2647,1220,7,1,17.5,17.5
2648,1221,22,1,22.5,22.5
2649,1222,70,1,27.9,27.9
2650,1222,56,1,27.9,27.9
2651,1223,22,2,22.5,45.0
2652,1223,6,2,19.8,39.6
2653,1223,24,2,26.9,53.8
2654,1223,10,2,49.9,99.8
2655,1224,23,1,4.9,4.9
2656,1225,29,3,7.2,21.6
2657,1226,25,1,27.5,27.5
2658,1226,32,1,34.5,34.5
2659,1226,21,2,20.9,41.8
2660,1227,35,2,42.5,85.0
2661,1227,12,1,32.9,32.9
2662,1227,21,2,20.9,41.8
2663,1228,26,1,10.2,10.2
2664,1228,10,1,49.9,49.9
2665,1229,44,1,118.9,118.9
2666,1229,13,1,39.8,39.8
2667,1229,17,1,29.9,29.9
2668,1229,24,1,26.9,26.9
2669,1230,52,1,76.9,76.9
2670,1230,33,2,19.9,39.8
2671,1231,69,2,419.9,839.8
2672,1231,35,1,42.5,42.5
2673,1231,41,1,148.9,148.9
2674,1232,13,1,39.8,39.8
2675,1232,14,2,62.9,125.8
2676,1232,39,1,71.9,71.9
2677,1233,20,1,17.2,17.2
2678,1233,12,2,32.9,65.8
2679,1233,65,1,12.9,12.9
2680,1233,70,1,27.9,27.9
2681,1234,49,3,28.5,85.5
2682,1234,26,2,10.2,20.4
2683,1235,38,1,98.9,98.9
2684,1235,56,1,27.9,27.9
2685,1235,36,1,7.9,7.9
2686,1236,52,1,76.9,76.9
2687,1236,23,1,4.9,4.9
2688,1237,11,1,24.5,24.5
2689,1237,51,1,71.9,71.9
2690,1237,22,2,22.5,45.0
2691,1238,33,2,19.9,39.8
2692,1239,2,1,10.5,10.5
2693,1239,54,2,16.2,32.4
2694,1240,62,2,17.2,34.4
2695,1241,23,1,4.9,4.9
2696,1242,19,1,19.5,19.5
2697,1242,60,1,149.9,149.9
2698,1242,63,1,9.5,9.5
2699,1242,5,1,39.9,39.9
2700,1243,2,1,10.5,10.5
2701,1243,42,1,189.9,189.9
2702,1244,2,1,10.5,10.5
2703,1244,34,1,15.9,15.9
2704,1245,60,1,149.9,149.9
2705,1245,61,1,209.9,209.9
2706,1246,6,2,19.8,39.6
2707,1247,64,1,15.2,15.2
2708,1247,25,1,27.5,27.5
2709,1247,23,2,4.9,9.8
2710,1248,26,1,10.2,10.2
2711,1248,65,1,12.9,12.9
2712,1248,50,2,43.9,87.8
2713,1249,60,1,149.9,149.9
2714,1250,62,1,17.2,17.2
2715,1250,35,1,42.5,42.5
2716,1250,23,1,4.9,4.9
2717,1250,12,1,32.9,32.9
2718,1251,13,1,39.8,39.8
2719,1251,38,1,98.9,98.9
2720,1252,45,1,34.9,34.9
2721,1252,54,1,16.2,16.2
2722,1252,33,1,19.9,19.9
2723,1252,60,1,149.9,149.9
2724,1252,17,2,29.9,59.8
2725,1253,8,1,27.9,27.9
2726,1253,20,2,17.2,34.4
2727,1254,38,1,98.9,98.9
2728,1254,31,2,30.9,61.8
2729,1255,62,1,17.2,17.2
2730,1256,61,2,209.9,419.8
2731,1256,36,1,7.9,7.9
2732,1257,61,2,209.9,419.8
2733,1258,4,1,16.9,16.9
2734,1258,41,1,148.9,148.9
2735,1258,42,1,189.9,189.9
2736,1258,3,1,13.2,13.2
2737,1258,39,1,71.9,71.9
2738,1259,8,2,27.9,55.8
2739,1260,11,2,24.5,49.0
2740,1260,69,1,419.9,419.9
2741,1261,1,1,8.9,8.9
2742,1261,69,1,419.9,419.9
2743,1261,55,1,8.5,8.5
2744,1261,40,1,84.5,84.5
2745,1262,3,1,13.2,13.2
2746,1263,1,1,8.9,8.9
2747,1263,48,1,35.9,35.9
2748,1264,19,2,19.5,39.0
2749,1265,35,1,42.5,42.5
2750,1265,29,1,7.2,7.2
2751,1266,19,1,19.5,19.5
2752,1266,66,1,17.9,17.9
2753,1266,12,1,32.9,32.9
2754,1267,67,1,14.2,14.2
2755,1267,9,1,10.2,10.2
2756,1268,3,1,13.2,13.2
2757,1268,59,1,172.5,172.5
2758,1268,19,1,19.5,19.5
2759,1268,67,1,14.2,14.2
2760,1269,50,1,43.9,43.9
2761,1269,15,1,35.9,35.9
2762,1269,22,1,22.5,22.5
2763,1269,61,1,209.9,209.9
2764,1270,35,1,42.5,42.5
2765,1271,23,1,4.9,4.9
2766,1272,20,1,17.2,17.2
2767,1272,29,1,7.2,7.2
2768,1273,38,1,98.9,98.9
2769,1274,69,2,419.9,839.8
2770,1274,57,1,32.5,32.5
2771,1274,48,1,35.9,35.9
2772,1275,58,1,194.9,194.9
2773,1275,64,1,15.2,15.2
2774,1275,32,2,34.5,69.0
2775,1276,37,1,18.9,18.9
2776,1276,10,1,49.9,49.9
2777,1277,68,1,41.9,41.9
2778,1278,45,1,34.9,34.9
2779,1279,71,2,53.9,107.8
2780,1280,33,1,19.9,19.9
2781,1281,11,1,24.5,24.5
2782,1281,20,2,17.2,34.4
2783,1281,17,1,29.9,29.9
2784,1281,52,1,76.9,76.9
2785,1281,2,3,10.5,31.5
2786,1282,5,2,39.9,79.8
2787,1283,70,1,27.9,27.9
2788,1283,61,1,209.9,209.9
2789,1284,20,1,17.2,17.2
2790,1285,52,1,76.9,76.9
2791,1285,17,2,29.9,59.8
2792,1285,70,1,27.9,27.9
2793,1285,5,1,39.9,39.9
2794,1286,20,2,17.2,34.4
2795,1286,38,1,98.9,98.9
2796,1286,1,1,8.9,8.9
2797,1286,40,2,84.5,169.0
2798,1286,32,1,34.5,34.5
2799,1287,10,3,49.9,149.7
2800,1287,64,1,15.2,15.2
2801,1288,10,1,49.9,49.9
2802,1288,26,1,10.2,10.2
2803,1289,1,1,8.9,8.9
2804,1289,35,1,42.5,42.5
2805,1290,10,1,49.9,49.9
2806,1290,61,3,209.9,629.7
2807,1291,35,1,42.5,42.5
2808,1292,13,1,39.8,39.8
2809,1292,42,2,189.9,379.8
2810,1292,58,1,194.9,194.9
2811,1293,32,2,34.5,69.0
2812,1294,70,1,27.9,27.9
2813,1294,20,1,17.2,17.2
2814,1294,23,1,4.9,4.9
2815,1295,52,1,76.9,76.9
2816,1295,36,1,7.9,7.9
2817,1296,27,2,12.5,25.0
2818,1296,31,1,30.9,30.9
2819,1296,44,1,118.9,118.9
2820,1297,6,2,19.8,39.6
2821,1297,65,1,12.9,12.9
2822,1298,37,1,18.9,18.9
2823,1298,29,1,7.2,7.2
2824,1298,11,2,24.5,49.0
2825,1299,16,1,47.5,47.5
2826,1300,1,1,8.9,8.9
2827,1300,61,1,209.9,209.9
2828,1300,62,1,17.2,17.2
2829,1300,35,1,42.5,42.5
2830,1301,10,2,49.9,99.8
2831,1302,49,2,28.5,57.0
2832,1303,58,1,194.9,194.9
2833,1303,1,1,8.9,8.9
2834,1304,68,2,41.9,83.8
2835,1305,8,1,27.9,27.9
2836,1305,31,1,30.9,30.9
2837,1305,4,1,16.9,16.9
2838,1305,19,1,19.5,19.5
2839,1305,47,2,62.9,125.8
2840,1306,7,1,17.5,17.5
2841,1306,69,1,419.9,419.9
2842,1307,18,1,33.8,33.8
2843,1307,6,2,19.8,39.6
2844,1308,50,1,43.9,43.9
2845,1308,45,2,34.9,69.8
2846,1308,68,2,41.9,83.8
2847,1309,7,1,17.5,17.5
2848,1309,41,1,148.9,148.9
2849,1310,20,2,17.2,34.4
2850,1310,54,1,16.2,16.2
2851,1311,12,1,32.9,32.9
2852,1311,55,1,8.5,8.5
2853,1312,57,1,32.5,32.5
2854,1313,16,1,47.5,47.5
2855,1313,11,1,24.5,24.5
2856,1313,68,1,41.9,41.9
2857,1314,64,1,15.2,15.2
2858,1315,12,1,32.9,32.9
2859,1315,70,1,27.9,27.9
2860,1315,34,1,15.9,15.9
2861,1316,18,1,33.8,33.8
2862,1316,27,2,12.5,25.0
2863,1317,59,1,172.5,172.5
2864,1317,49,1,28.5,28.5
2865,1317,24,1,26.9,26.9
2866,1317,34,2,15.9,31.8
2867,1318,1,1,8.9,8.9
2868,1319,20,2,17.2,34.4
2869,1319,2,1,10.5,10.5
2870,1320,9,1,10.2,10.2
2871,1321,56,1,27.9,27.9
2872,1321,20,1,17.2,17.2
2873,1321,17,1,29.9,29.9
2874,1322,57,1,32.5,32.5
2875,1322,1,1,8.9,8.9
2876,1322,27,1,12.5,12.5
2877,1322,47,1,62.9,62.9
2878,1323,7,1,17.5,17.5
2879,1324,1,2,8.9,17.8
2880,1324,56,1,27.9,27.9
2881,1325,53,1,19.5,19.5
2882,1325,10,1,49.9,49.9
2883,1325,37,1,18.9,18.9
2884,1326,36,1,7.9,7.9
2885,1326,10,2,49.9,99.8
2886,1326,33,1,19.9,19.9
2887,1327,56,1,27.9,27.9
2888,1327,38,2,98.9,197.8
2889,1327,28,3,21.5,64.5
2890,1328,14,1,62.9,62.9
2891,1328,43,1,169.9,169.9
2892,1328,37,1,18.9,18.9
2893,1328,44,1,118.9,118.9
2894,1329,39,2,71.9,143.8
2895,1329,64,2,15.2,30.4
2896,1329,23,1,4.9,4.9
2897,1330,68,1,41.9,41.9
2898,1331,26,1,10.2,10.2
2899,1332,55,1,8.5,8.5
2900,1333,26,2,10.2,20.4
2901,1333,51,1,71.9,71.9
2902,1334,58,1,194.9,194.9
2903,1335,46,1,41.5,41.5
2904,1335,13,1,39.8,39.8
2905,1335,23,1,4.9,4.9
2906,1335,33,1,19.9,19.9
2907,1336,46,1,41.5,41.5
2908,1336,33,1,19.9,19.9
2909,1337,26,2,10.2,20.4
2910,1337,68,3,41.9,125.7
2911,1337,53,1,19.5,19.5
2912,1338,39,2,71.9,143.8
2913,1339,69,1,419.9,419.9
2914,1339,29,1,7.2,7.2
2915,1340,63,2,9.5,19.0
2916,1340,18,1,33.8,33.8
2917,1341,49,2,28.5,57.0
2918,1342,44,1,118.9,118.9
2919,1343,6,2,19.8,39.6
2920,1343,30,1,17.2,17.2
2921,1343,12,2,32.9,65.8
2922,1343,46,1,41.5,41.5
2923,1344,61,1,209.9,209.9
2924,1344,37,1,18.9,18.9
2925,1344,69,1,419.9,419.9
2926,1345,67,2,14.2,28.4
2927,1346,29,1,7.2,7.2
2928,1347,38,1,98.9,98.9
2929,1347,67,3,14.2,42.6
2930,1347,27,1,12.5,12.5
2931,1348,12,1,32.9,32.9
2932,1348,60,1,149.9,149.9
2933,1349,54,2,16.2,32.4
2934,1350,30,2,17.2,34.4
2935,1350,61,2,209.9,419.8
2936,1350,8,3,27.9,83.7
2937,1350,5,1,39.9,39.9
2938,1351,42,1,189.9,189.9
2939,1351,34,2,15.9,31.8
2940,1352,66,1,17.9,17.9
2941,1353,71,1,53.9,53.9
2942,1354,52,1,76.9,76.9
2943,1355,20,1,17.2,17.2
2944,1355,70,1,27.9,27.9
2945,1356,5,1,39.9,39.9
2946,1356,16,1,47.5,47.5
2947,1356,7,1,17.5,17.5
2948,1357,39,2,71.9,143.8
2949,1357,59,1,172.5,172.5
2950,1358,44,1,118.9,118.9
2951,1358,46,2,41.5,83.0
2952,1358,58,2,194.9,389.8
2953,1358,2,2,10.5,21.0
2954,1358,63,1,9.5,9.5
2955,1359,12,1,32.9,32.9
2956,1359,68,1,41.9,41.9
2957,1360,10,1,49.9,49.9
2958,1361,26,1,10.2,10.2
2959,1361,52,1,76.9,76.9
2960,1361,69,1,419.9,419.9
2961,1361,57,2,32.5,65.0
2962,1362,39,2,71.9,143.8
2963,1363,55,2,8.5,17.0
2964,1364,16,1,47.5,47.5
2965,1364,46,2,41.5,83.0
2966,1364,64,1,15.2,15.2
2967,1365,12,1,32.9,32.9
2968,1366,9,1,10.2,10.2
2969,1366,71,1,53.9,53.9
2970,1366,45,1,34.9,34.9
2971,1367,16,2,47.5,95.0
2972,1367,45,1,34.9,34.9
2973,1368,2,2,10.5,21.0
2974,1369,36,1,7.9,7.9
2975,1370,17,1,29.9,29.9
2976,1370,69,1,419.9,419.9
2977,1370,52,1,76.9,76.9
2978,1371,24,1,26.9,26.9
2979,1371,15,1,35.9,35.9
2980,1372,31,2,30.9,61.8
2981,1372,36,2,7.9,15.8
2982,1372,23,1,4.9,4.9
2983,1373,57,1,32.5,32.5
2984,1373,55,1,8.5,8.5
2985,1373,71,1,53.9,53.9
2986,1373,29,1,7.2,7.2
2987,1373,54,1,16.2,16.2
2988,1374,59,2,172.5,345.0
2989,1374,39,2,71.9,143.8
2990,1375,9,2,10.2,20.4
2991,1375,46,1,41.5,41.5
2992,1376,12,1,32.9,32.9
2993,1377,27,2,12.5,25.0
2994,1378,1,1,8.9,8.9
2995,1379,26,1,10.2,10.2
2996,1380,2,1,10.5,10.5
2997,1381,13,2,39.8,79.6
2998,1382,22,2,22.5,45.0
2999,1382,14,1,62.9,62.9
3000,1383,59,2,172.5,345.0
3001,1384,48,2,35.9,71.8
3002,1384,34,1,15.9,15.9
3003,1384,23,1,4.9,4.9
3004,1385,18,2,33.8,67.6
3005,1385,22,1,22.5,22.5
3006,1385,37,2,18.9,37.8
3007,1386,32,2,34.5,69.0
3008,1386,27,1,12.5,12.5
3009,1387,49,1,28.5,28.5
3010,1388,13,1,39.8,39.8
3011,1389,53,1,19.5,19.5
3012,1390,66,1,17.9,17.9
3013,1391,32,1,34.5,34.5
3014,1391,36,1,7.9,7.9
3015,1391,71,1,53.9,53.9
3016,1392,9,1,10.2,10.2
3017,1392,35,2,42.5,85.0
3018,1393,48,1,35.9,35.9
3019,1393,29,2,7.2,14.4
3020,1394,27,1,12.5,12.5
3021,1395,50,1,43.9,43.9
3022,1396,71,2,53.9,107.8
3023,1397,13,2,39.8,79.6
3024,1397,51,1,71.9,71.9
3025,1398,65,2,12.9,25.8
3026,1398,11,1,24.5,24.5
3027,1398,13,1,39.8,39.8
3028,1398,51,1,71.9,71.9
3029,1399,69,1,419.9,419.9
3030,1400,37,1,18.9,18.9
3031,1400,51,1,71.9,71.9
3032,1400,26,1,10.2,10.2
3033,1400,39,1,71.9,71.9
3034,1400,57,1,32.5,32.5
3035,1401,39,1,71.9,71.9
3036,1401,2,1,10.5,10.5
3037,1401,28,1,21.5,21.5
3038,1402,58,1,194.9,194.9
3039,1402,4,2,16.9,33.8
3040,1403,32,1,34.5,34.5
3041,1404,62,3,17.2,51.6
3042,1404,27,1,12.5,12.5
3043,1405,5,3,39.9,119.7
3044,1405,10,2,49.9,99.8
3045,1406,21,1,20.9,20.9
3046,1406,5,2,39.9,79.8
3047,1406,20,1,17.2,17.2
3048,1407,16,3,47.5,142.5
3049,1408,55,1,8.5,8.5
3050,1409,42,2,189.9,379.8
3051,1410,3,2,13.2,26.4
3052,1410,18,1,33.8,33.8
3053,1410,39,1,71.9,71.9
3054,1411,63,2,9.5,19.0
3055,1412,31,2,30.9,61.8
3056,1412,71,1,53.9,53.9
3057,1413,45,1,34.9,34.9
3058,1414,33,1,19.9,19.9
3059,1414,45,3,34.9,104.7
3060,1415,60,1,149.9,149.9
3061,1415,70,2,27.9,55.8
3062,1415,36,1,7.9,7.9
3063,1416,44,1,118.9,118.9
3064,1416,56,1,27.9,27.9
3065,1416,58,1,194.9,194.9
3066,1416,45,2,34.9,69.8
3067,1416,52,2,76.9,153.8
3068,1417,2,1,10.5,10.5
3069,1418,54,1,16.2,16.2
3070,1418,24,2,26.9,53.8
3071,1419,13,1,39.8,39.8
3072,1419,63,1,9.5,9.5
3073,1419,18,1,33.8,33.8
3074,1420,20,1,17.2,17.2
3075,1421,5,2,39.9,79.8
3076,1422,41,1,148.9,148.9
3077,1422,25,1,27.5,27.5
3078,1422,57,1,32.5,32.5
3079,1422,19,2,19.5,39.0
3080,1423,31,1,30.9,30.9
3081,1423,4,1,16.9,16.9
3082,1424,17,1,29.9,29.9
3083,1424,66,1,17.9,17.9
3084,1424,13,2,39.8,79.6
3085,1424,34,1,15.9,15.9
3086,1425,64,1,15.2,15.2
3087,1425,4,1,16.9,16.9
3088,1425,30,1,17.2,17.2
3089,1426,41,1,148.9,148.9
3090,1426,43,3,169.9,509.7
3091,1427,54,1,16.2,16.2
3092,1428,50,1,43.9,43.9
3093,1428,43,1,169.9,169.9
3094,1428,54,2,16.2,32.4
3095,1429,71,1,53.9,53.9
3096,1430,35,1,42.5,42.5
3097,1430,39,2,71.9,143.8
3098,1431,23,1,4.9,4.9
3099,1431,28,1,21.5,21.5
3100,1431,39,1,71.9,71.9
3101,1431,66,2,17.9,35.8
3102,1432,4,1,16.9,16.9
3103,1432,50,1,43.9,43.9
3104,1433,38,2,98.9,197.8
3105,1433,46,2,41.5,83.0
3106,1433,24,1,26.9,26.9
3107,1434,12,1,32.9,32.9
3108,1434,57,3,32.5,97.5
3109,1434,21,1,20.9,20.9
3110,1434,13,2,39.8,79.6
3111,1435,27,2,12.5,25.0
3112,1435,61,2,209.9,419.8
3113,1436,46,1,41.5,41.5
3114,1437,63,1,9.5,9.5
3115,1437,11,1,24.5,24.5
3116,1438,36,1,7.9,7.9
3117,1438,64,1,15.2,15.2
3118,1438,9,3,10.2,30.6
3119,1439,28,1,21.5,21.5
3120,1439,18,1,33.8,33.8
3121,1439,30,1,17.2,17.2
3122,1440,16,1,47.5,47.5
3123,1440,38,1,98.9,98.9
3124,1440,46,2,41.5,83.0
3125,1441,54,1,16.2,16.2
3126,1441,9,2,10.2,20.4
3127,1442,17,1,29.9,29.9
3128,1443,32,1,34.5,34.5
3129,1444,66,1,17.9,17.9
3130,1445,59,1,172.5,172.5
3131,1445,44,1,118.9,118.9
3132,1445,32,2,34.5,69.0
3133,1446,27,3,12.5,37.5
3134,1446,17,2,29.9,59.8
3135,1447,27,2,12.5,25.0
3136,1448,24,1,26.9,26.9
3137,1448,56,2,27.9,55.8
3138,1449,63,2,9.5,19.0
3139,1449,47,1,62.9,62.9
3140,1449,51,1,71.9,71.9
3141,1449,41,1,148.9,148.9
3142,1450,40,1,84.5,84.5
3143,1451,7,2,17.5,35.0
3144,1452,28,1,21.5,21.5
3145,1452,33,1,19.9,19.9
3146,1453,64,1,15.2,15.2
3147,1454,18,1,33.8,33.8
3148,1454,48,1,35.9,35.9
3149,1454,15,1,35.9,35.9
3150,1454,67,1,14.2,14.2
3151,1455,20,2,17.2,34.4
3152,1455,8,1,27.9,27.9
3153,1456,18,2,33.8,67.6
3154,1457,7,1,17.5,17.5
3155,1457,67,1,14.2,14.2
3156,1457,38,1,98.9,98.9
3157,1458,66,1,17.9,17.9
3158,1458,22,2,22.5,45.0
3159,1458,70,1,27.9,27.9
3160,1458,52,1,76.9,76.9
3161,1459,54,1,16.2,16.2
3162,1459,36,2,7.9,15.8
3163,1460,1,1,8.9,8.9
3164,1460,10,1,49.9,49.9
3165,1460,14,2,62.9,125.8
3166,1460,43,1,169.9,169.9
3167,1460,38,1,98.9,98.9
3168,1461,33,1,19.9,19.9
3169,1462,14,1,62.9,62.9
3170,1462,36,1,7.9,7.9
3171,1463,58,1,194.9,194.9
3172,1463,15,2,35.9,71.8
3173,1464,27,2,12.5,25.0
3174,1464,62,1,17.2,17.2
3175,1465,50,1,43.9,43.9
3176,1465,57,2,32.5,65.0
3177,1466,48,1,35.9,35.9
3178,1466,25,1,27.5,27.5
3179,1467,66,1,17.9,17.9
3180,1467,21,1,20.9,20.9
3181,1467,37,1,18.9,18.9
3182,1468,63,1,9.5,9.5
3183,1468,27,2,12.5,25.0
3184,1469,33,1,19.9,19.9
3185,1469,41,1,148.9,148.9
3186,1470,70,1,27.9,27.9
3187,1471,22,3,22.5,67.5
3188,1472,62,1,17.2,17.2
3189,1472,65,2,12.9,25.8
3190,1472,50,1,43.9,43.9
3191,1473,28,2,21.5,43.0
3192,1474,55,1,8.5,8.5
3193,1474,16,1,47.5,47.5
3194,1474,61,1,209.9,209.9
3195,1475,37,2,18.9,37.8
3196,1476,59,3,172.5,517.5
3197,1476,26,1,10.2,10.2
3198,1477,32,1,34.5,34.5
3199,1477,54,1,16.2,16.2
3200,1478,20,1,17.2,17.2
3201,1478,54,1,16.2,16.2
3202,1478,2,1,10.5,10.5
3203,1479,29,1,7.2,7.2
3204,1479,41,1,148.9,148.9
3205,1479,37,1,18.9,18.9
3206,1479,65,1,12.9,12.9
3207,1480,37,2,18.9,37.8
3208,1480,31,1,30.9,30.9
3209,1481,69,1,419.9,419.9
3210,1482,19,1,19.5,19.5
3211,1482,3,1,13.2,13.2
3212,1482,70,1,27.9,27.9
3213,1482,51,1,71.9,71.9
3214,1483,26,3,10.2,30.6
3215,1484,8,2,27.9,55.8
3216,1484,5,1,39.9,39.9
3217,1484,7,1,17.5,17.5
3218,1484,68,1,41.9,41.9
3219,1485,43,2,169.9,339.8
3220,1485,36,1,7.9,7.9
3221,1485,9,1,10.2,10.2
3222,1485,70,1,27.9,27.9
3223,1486,69,1,419.9,419.9
3224,1486,4,2,16.9,33.8
3225,1487,33,2,19.9,39.8
3226,1487,59,2,172.5,345.0
3227,1488,32,1,34.5,34.5
3228,1488,2,1,10.5,10.5
3229,1488,56,1,27.9,27.9
3230,1489,53,1,19.5,19.5
3231,1489,46,2,41.5,83.0
3232,1490,70,2,27.9,55.8
3233,1490,28,1,21.5,21.5
3234,1490,53,1,19.5,19.5
3235,1491,24,1,26.9,26.9
3236,1491,55,1,8.5,8.5
3237,1492,69,3,419.9,1259.7
3238,1493,42,3,189.9,569.7
3239,1494,10,2,49.9,99.8
3240,1495,18,1,33.8,33.8
3241,1496,68,2,41.9,83.8
3242,1496,55,1,8.5,8.5
3243,1496,6,1,19.8,19.8
3244,1496,8,1,27.9,27.9
3245,1496,47,1,62.9,62.9
3246,1497,19,1,19.5,19.5
3247,1497,26,1,10.2,10.2
3248,1498,3,1,13.2,13.2
3249,1498,52,1,76.9,76.9
3250,1498,45,1,34.9,34.9
3251,1499,3,2,13.2,26.4
3252,1499,18,2,33.8,67.6
3253,1500,4,1,16.9,16.9
