id,filial_id,cliente_id,data_venda,valor_total,desconto,forma_pagamento,status
1,10,115,2026-06-14 09:11:00,95.8,0.0,CONVENIO,CONCLUIDA
2,4,40,2025-12-12 17:03:00,153.3,18.51,PIX,CONCLUIDA
3,14,130,2026-04-04 16:25:00,21.5,0.0,DINHEIRO,CONCLUIDA
4,14,122,2026-04-23 20:41:00,650.1,0.0,DINHEIRO,CONCLUIDA
5,5,73,2026-03-21 21:49:00,224.2,13.36,CARTAO_CREDITO,CONCLUIDA
6,10,161,2026-06-08 18:49:00,990.6,0.0,CARTAO_CREDITO,CONCLUIDA
7,1,7,2025-12-16 08:05:00,19.9,0.0,DINHEIRO,CONCLUIDA
8,3,162,2025-12-08 08:24:00,40.2,0.0,CARTAO_DEBITO,CONCLUIDA
9,10,23,2026-02-09 14:25:00,20.9,0.0,PIX,CONCLUIDA
10,10,163,2026-06-11 20:55:00,74.9,8.03,PIX,CONCLUIDA
11,9,54,2026-01-13 13:13:00,37.4,0.0,CARTAO_CREDITO,CONCLUIDA
12,2,14,2025-07-16 15:41:00,10.2,0.0,CARTAO_DEBITO,CONCLUIDA
13,14,172,2024-04-12 12:39:00,9.5,0.0,DINHEIRO,CONCLUIDA
14,9,94,2025-03-14 10:00:00,169.5,0.0,CARTAO_CREDITO,CONCLUIDA
15,3,45,2024-03-24 21:17:00,419.9,0.0,PIX,CONCLUIDA
16,10,,2025-10-08 08:52:00,61.4,0.0,CARTAO_DEBITO,CONCLUIDA
17,10,58,2025-08-26 19:54:00,50.8,0.0,CARTAO_CREDITO,CONCLUIDA
18,10,43,2024-05-23 15:10:00,98.0,6.93,CARTAO_CREDITO,CONCLUIDA
19,4,117,2024-02-10 18:20:00,90.0,0.0,DINHEIRO,CONCLUIDA
20,8,89,2026-03-03 17:00:00,22.5,0.0,CARTAO_DEBITO,CONCLUIDA
21,2,155,2024-05-01 18:14:00,35.9,0.0,CARTAO_CREDITO,CONCLUIDA
22,2,,2025-07-22 10:36:00,17.9,0.0,CARTAO_DEBITO,CONCLUIDA
23,3,104,2026-04-14 18:01:00,135.4,0.0,PIX,CONCLUIDA
24,9,197,2026-06-02 16:16:00,199.9,0.0,CARTAO_CREDITO,CONCLUIDA
25,9,,2024-06-30 15:57:00,419.9,0.0,CARTAO_DEBITO,CONCLUIDA
26,2,1,2026-03-04 18:41:00,103.6,0.0,CARTAO_CREDITO,CONCLUIDA
27,4,,2026-05-07 19:36:00,34.4,0.0,DINHEIRO,CONCLUIDA
28,9,66,2026-06-28 19:50:00,23.1,0.0,DINHEIRO,CONCLUIDA
29,1,150,2026-03-31 14:36:00,143.8,0.0,CARTAO_CREDITO,CONCLUIDA
30,7,143,2025-12-04 17:22:00,115.1,0.0,PIX,CONCLUIDA
31,2,87,2025-09-20 19:43:00,17.8,0.0,PIX,CONCLUIDA
32,9,68,2025-08-09 17:02:00,229.0,0.0,PIX,CONCLUIDA
33,10,9,2025-06-06 16:44:00,39.9,0.0,CARTAO_CREDITO,CONCLUIDA
34,1,103,2026-01-18 14:37:00,20.4,0.0,CARTAO_CREDITO,CONCLUIDA
35,9,89,2024-10-10 11:38:00,85.8,0.0,CONVENIO,CONCLUIDA
36,3,,2024-09-20 16:52:00,97.5,0.0,PIX,CONCLUIDA
37,10,,2026-02-20 17:55:00,10.2,0.0,DINHEIRO,CONCLUIDA
38,10,,2025-12-27 16:34:00,105.2,0.0,DINHEIRO,CONCLUIDA
39,4,147,2026-06-14 11:31:00,61.8,0.0,PIX,CONCLUIDA
40,3,40,2024-05-02 09:43:00,82.5,0.0,CONVENIO,CONCLUIDA
41,13,,2025-11-17 15:11:00,188.8,0.0,CONVENIO,CONCLUIDA
42,9,31,2025-04-16 13:44:00,298.0,0.0,DINHEIRO,CONCLUIDA
43,14,48,2025-10-15 14:44:00,84.8,0.0,PIX,CONCLUIDA
44,11,61,2026-01-11 11:09:00,230.2,0.0,PIX,CONCLUIDA
45,4,65,2026-04-16 08:25:00,43.0,0.0,DINHEIRO,CONCLUIDA
46,6,93,2026-04-11 20:16:00,45.1,0.0,CARTAO_CREDITO,CONCLUIDA
47,3,131,2026-02-13 09:24:00,64.5,0.0,CARTAO_DEBITO,CONCLUIDA
48,5,,2025-12-22 11:20:00,42.5,0.0,CARTAO_CREDITO,CONCLUIDA
49,10,,2025-06-17 15:26:00,129.7,0.0,CARTAO_CREDITO,CONCLUIDA
50,10,22,2026-05-12 10:05:00,155.1,13.29,CARTAO_DEBITO,CONCLUIDA
51,12,139,2025-07-15 15:08:00,205.3,0.0,CONVENIO,CONCLUIDA
52,10,94,2025-09-17 12:00:00,106.5,0.0,DINHEIRO,CONCLUIDA
53,1,75,2025-07-03 16:23:00,217.6,24.49,CARTAO_CREDITO,CONCLUIDA
54,10,178,2024-10-18 18:47:00,55.0,0.0,CARTAO_DEBITO,CONCLUIDA
55,9,70,2025-05-18 11:20:00,419.9,0.0,DINHEIRO,CONCLUIDA
56,2,3,2025-09-15 08:31:00,87.0,0.0,CARTAO_CREDITO,CONCLUIDA
57,14,199,2026-04-04 15:11:00,154.0,0.0,CARTAO_CREDITO,CONCLUIDA
58,15,189,2025-06-17 18:13:00,316.2,0.0,CARTAO_CREDITO,CONCLUIDA
59,9,14,2024-08-11 09:15:00,45.0,0.0,CARTAO_DEBITO,CONCLUIDA
60,3,,2026-06-18 15:44:00,67.4,0.0,CARTAO_DEBITO,CONCLUIDA
61,15,16,2025-09-16 19:34:00,17.2,0.0,PIX,CONCLUIDA
62,4,,2024-01-22 19:24:00,19.8,0.0,CARTAO_CREDITO,CONCLUIDA
63,10,48,2025-12-12 19:29:00,95.2,0.0,CARTAO_CREDITO,CONCLUIDA
64,10,188,2025-07-09 17:54:00,200.1,0.0,CARTAO_CREDITO,CONCLUIDA
65,7,157,2026-01-25 18:20:00,40.2,0.0,DINHEIRO,CONCLUIDA
66,7,147,2025-02-01 18:31:00,117.8,0.0,CARTAO_DEBITO,CONCLUIDA
67,14,,2026-05-23 08:23:00,186.3,0.0,CARTAO_DEBITO,CONCLUIDA
68,1,99,2026-03-26 18:15:00,481.8,0.0,CARTAO_DEBITO,CONCLUIDA
69,9,154,2025-12-27 13:35:00,35.9,0.0,CONVENIO,CONCLUIDA
70,4,140,2026-04-07 19:16:00,170.5,0.0,CARTAO_CREDITO,CONCLUIDA
71,15,77,2024-08-07 21:20:00,133.6,11.43,DINHEIRO,CONCLUIDA
72,4,60,2025-11-30 09:36:00,473.9,54.13,CARTAO_CREDITO,CONCLUIDA
73,11,200,2025-12-18 13:56:00,129.4,0.0,PIX,CONCLUIDA
74,9,135,2026-04-02 17:09:00,158.5,14.77,CARTAO_CREDITO,CONCLUIDA
75,2,122,2025-07-25 16:25:00,85.7,0.0,CARTAO_CREDITO,CONCLUIDA
76,9,189,2025-11-01 09:17:00,32.9,0.0,PIX,CONCLUIDA
77,2,168,2025-12-03 10:22:00,129.2,0.0,CARTAO_DEBITO,CONCLUIDA
78,2,,2025-12-22 19:51:00,183.1,0.0,DINHEIRO,CONCLUIDA
79,3,187,2025-12-12 19:42:00,61.7,0.0,DINHEIRO,CONCLUIDA
80,3,3,2026-06-03 12:42:00,237.9,0.0,PIX,CONCLUIDA
81,1,153,2025-10-03 11:32:00,33.0,0.0,CONVENIO,CONCLUIDA
82,2,91,2025-12-01 11:32:00,39.8,0.0,CARTAO_CREDITO,CONCLUIDA
83,1,72,2025-12-21 14:42:00,80.0,0.0,DINHEIRO,CONCLUIDA
84,9,36,2026-06-15 20:12:00,83.8,0.0,PIX,CONCLUIDA
85,10,145,2024-11-21 09:35:00,390.6,0.0,CARTAO_DEBITO,CONCLUIDA
86,6,,2026-01-26 12:09:00,26.9,0.0,PIX,CONCLUIDA
87,9,153,2026-06-16 08:22:00,500.3,0.0,DINHEIRO,CONCLUIDA
88,2,196,2024-10-03 14:14:00,94.2,0.0,PIX,CONCLUIDA
89,10,191,2026-03-31 16:41:00,529.8,0.0,PIX,CONCLUIDA
90,15,100,2026-05-18 08:12:00,90.8,0.0,CARTAO_CREDITO,CONCLUIDA
91,8,166,2026-03-13 09:11:00,172.6,0.0,PIX,CONCLUIDA
92,1,167,2026-03-26 10:45:00,194.9,23.53,PIX,CONCLUIDA
93,15,41,2026-01-10 08:49:00,17.2,0.0,CARTAO_CREDITO,CONCLUIDA
94,1,187,2025-04-01 12:40:00,58.4,0.0,CARTAO_CREDITO,CONCLUIDA
95,9,105,2026-05-03 17:00:00,30.0,0.0,CARTAO_CREDITO,CONCLUIDA
96,1,155,2025-08-13 08:06:00,18.9,0.0,CARTAO_CREDITO,CONCLUIDA
97,10,117,2025-01-03 08:05:00,57.0,0.0,PIX,CONCLUIDA
98,1,32,2024-10-08 13:33:00,12.5,0.0,CARTAO_CREDITO,CONCLUIDA
99,9,,2026-06-17 17:59:00,471.1,0.0,PIX,CONCLUIDA
100,8,127,2026-06-23 17:14:00,339.6,0.0,PIX,CANCELADA
101,2,18,2026-03-16 16:20:00,169.9,0.0,PIX,CONCLUIDA
102,1,85,2025-11-19 15:58:00,33.8,0.0,CARTAO_CREDITO,CONCLUIDA
103,8,106,2024-02-27 21:33:00,595.2,0.0,CARTAO_CREDITO,CONCLUIDA
104,15,8,2026-01-08 18:34:00,97.7,0.0,PIX,CONCLUIDA
105,4,106,2025-10-29 13:28:00,41.9,0.0,PIX,CONCLUIDA
106,10,,2025-07-12 20:30:00,237.8,0.0,PIX,CONCLUIDA
107,10,26,2025-06-12 18:08:00,87.8,0.0,CARTAO_CREDITO,CANCELADA
108,14,153,2024-12-07 15:56:00,97.7,0.0,DINHEIRO,CONCLUIDA
109,2,82,2025-11-18 09:17:00,31.5,0.0,DINHEIRO,CONCLUIDA
110,9,70,2026-06-25 20:18:00,84.5,0.0,CARTAO_DEBITO,CONCLUIDA
111,2,173,2026-01-12 08:05:00,194.9,0.0,CARTAO_CREDITO,CONCLUIDA
112,10,137,2026-02-23 17:08:00,534.7,0.0,DINHEIRO,CONCLUIDA
113,2,,2026-01-02 14:11:00,371.9,0.0,CARTAO_DEBITO,CONCLUIDA
114,10,33,2026-01-23 21:45:00,99.8,0.0,PIX,CONCLUIDA
115,5,141,2026-03-03 14:04:00,174.7,0.0,CARTAO_CREDITO,CONCLUIDA
116,11,153,2026-04-10 09:52:00,76.9,0.0,CARTAO_CREDITO,CONCLUIDA
117,10,127,2024-03-03 09:13:00,240.5,0.0,PIX,CONCLUIDA
118,9,,2026-02-07 19:58:00,10.5,0.0,CARTAO_CREDITO,CONCLUIDA
119,12,141,2024-01-01 19:35:00,52.7,0.0,PIX,CONCLUIDA
120,4,140,2025-09-26 15:08:00,111.5,0.0,CARTAO_CREDITO,CONCLUIDA
121,1,185,2025-11-04 14:08:00,204.9,0.0,DINHEIRO,CONCLUIDA
122,6,116,2025-10-23 10:27:00,56.7,0.0,CARTAO_DEBITO,CONCLUIDA
123,1,95,2026-03-03 19:05:00,321.9,0.0,DINHEIRO,CONCLUIDA
124,14,163,2026-04-22 12:39:00,10.5,0.0,DINHEIRO,CONCLUIDA
125,10,76,2025-07-18 19:59:00,15.9,0.0,CARTAO_DEBITO,CONCLUIDA
126,1,,2025-10-01 08:18:00,99.8,0.0,CARTAO_CREDITO,CONCLUIDA
127,3,,2025-08-26 17:11:00,271.6,0.0,PIX,CONCLUIDA
128,4,38,2025-09-16 21:31:00,105.7,0.0,PIX,CONCLUIDA
129,11,68,2024-04-28 08:10:00,629.8,0.0,CARTAO_CREDITO,CONCLUIDA
130,8,74,2025-04-04 14:43:00,79.4,0.0,CARTAO_CREDITO,CONCLUIDA
131,13,,2025-11-13 20:06:00,330.7,0.0,CARTAO_CREDITO,CONCLUIDA
132,9,141,2025-07-04 21:04:00,62.9,0.0,DINHEIRO,CONCLUIDA
133,3,159,2026-04-30 18:57:00,240.1,0.0,PIX,CONCLUIDA
134,3,171,2024-11-27 12:10:00,27.9,0.0,PIX,CONCLUIDA
135,14,113,2025-10-10 17:25:00,66.9,0.0,CARTAO_CREDITO,CONCLUIDA
136,10,19,2025-11-05 20:28:00,48.8,0.0,DINHEIRO,CONCLUIDA
137,9,198,2026-02-08 14:54:00,108.3,0.0,PIX,CONCLUIDA
138,14,175,2025-07-28 18:41:00,286.8,0.0,DINHEIRO,CONCLUIDA
139,9,,2024-11-02 19:24:00,51.0,0.0,PIX,CONCLUIDA
140,2,152,2026-01-15 09:50:00,1259.7,0.0,CARTAO_DEBITO,CONCLUIDA
141,1,87,2024-02-13 14:07:00,1026.5,65.86,CARTAO_CREDITO,CONCLUIDA
142,7,,2026-06-24 18:08:00,124.3,0.0,DINHEIRO,CONCLUIDA
143,1,158,2025-10-11 14:21:00,755.8,58.49,PIX,CONCLUIDA
144,2,43,2026-04-23 08:08:00,91.1,0.0,DINHEIRO,CONCLUIDA
145,9,178,2026-03-02 15:44:00,42.5,0.0,DINHEIRO,CONCLUIDA
146,9,47,2025-09-18 09:40:00,16.2,0.0,PIX,CONCLUIDA
147,8,93,2025-07-06 16:14:00,20.4,0.0,CARTAO_CREDITO,CONCLUIDA
148,13,41,2024-02-14 08:41:00,19.9,0.0,CARTAO_CREDITO,CONCLUIDA
149,1,138,2025-07-14 15:32:00,471.2,0.0,DINHEIRO,CONCLUIDA
150,5,57,2026-04-25 15:03:00,172.5,0.0,PIX,CONCLUIDA
151,2,70,2025-09-03 08:44:00,71.8,0.0,CARTAO_DEBITO,CONCLUIDA
152,4,,2026-03-19 20:40:00,243.2,0.0,CONVENIO,CONCLUIDA
153,10,64,2026-02-07 17:14:00,26.1,0.0,PIX,CONCLUIDA
154,8,101,2026-06-21 21:06:00,10.5,0.0,CARTAO_CREDITO,CONCLUIDA
155,4,24,2026-06-07 12:10:00,539.9,0.0,PIX,CONCLUIDA
156,12,177,2025-07-16 12:27:00,89.4,0.0,PIX,CONCLUIDA
157,4,99,2026-05-12 08:23:00,22.7,0.0,CARTAO_CREDITO,CONCLUIDA
158,10,180,2025-10-23 13:22:00,16.4,0.0,PIX,CONCLUIDA
159,11,137,2025-06-29 12:28:00,210.2,0.0,CARTAO_DEBITO,CONCLUIDA
160,2,38,2025-10-12 16:40:00,57.8,0.0,DINHEIRO,CANCELADA
161,2,60,2025-06-16 18:21:00,189.9,0.0,CARTAO_CREDITO,CONCLUIDA
162,9,146,2025-12-03 10:50:00,36.4,0.0,CARTAO_CREDITO,CONCLUIDA
163,2,47,2026-05-09 19:44:00,87.7,0.0,PIX,CONCLUIDA
164,9,82,2024-05-31 13:28:00,71.9,10.29,CARTAO_DEBITO,CONCLUIDA
165,14,,2026-04-05 16:21:00,296.7,0.0,CARTAO_DEBITO,CONCLUIDA
166,9,187,2025-03-28 13:44:00,53.6,5.99,DINHEIRO,CONCLUIDA
167,4,156,2025-08-20 16:14:00,47.9,4.85,PIX,CONCLUIDA
168,4,15,2025-01-04 14:09:00,79.8,0.0,PIX,CONCLUIDA
169,9,114,2025-03-01 20:28:00,67.0,0.0,CARTAO_CREDITO,CONCLUIDA
170,8,152,2024-03-31 08:26:00,4.9,0.0,CARTAO_DEBITO,CONCLUIDA
171,2,98,2026-03-08 08:52:00,252.2,0.0,PIX,CONCLUIDA
172,9,171,2025-03-03 10:31:00,81.3,0.0,PIX,CONCLUIDA
173,4,112,2025-10-05 18:30:00,102.9,0.0,CONVENIO,CONCLUIDA
174,2,70,2026-05-21 13:03:00,67.8,0.0,CARTAO_CREDITO,CONCLUIDA
175,2,81,2025-12-02 20:19:00,562.4,0.0,CARTAO_CREDITO,CONCLUIDA
176,7,42,2025-09-17 16:14:00,977.5,0.0,PIX,CONCLUIDA
177,2,90,2026-01-01 10:52:00,241.0,0.0,CARTAO_CREDITO,CONCLUIDA
178,15,196,2024-03-20 08:49:00,73.1,0.0,CARTAO_CREDITO,CONCLUIDA
179,13,78,2026-02-11 09:50:00,37.1,0.0,DINHEIRO,CONCLUIDA
180,3,91,2026-03-13 20:46:00,100.0,0.0,CARTAO_DEBITO,CONCLUIDA
181,15,194,2025-08-19 11:58:00,154.8,0.0,CARTAO_DEBITO,CONCLUIDA
182,8,195,2024-05-06 15:07:00,81.8,0.0,CARTAO_DEBITO,CONCLUIDA
183,3,80,2026-05-11 15:14:00,8.5,1.14,CARTAO_DEBITO,CONCLUIDA
184,9,173,2025-08-22 14:28:00,138.9,0.0,CARTAO_DEBITO,CONCLUIDA
185,1,,2026-04-30 21:25:00,131.2,0.0,DINHEIRO,CONCLUIDA
186,14,,2025-09-13 20:29:00,15.2,0.0,DINHEIRO,CANCELADA
187,10,,2025-07-13 10:24:00,71.9,4.15,CARTAO_DEBITO,CONCLUIDA
188,10,52,2026-03-11 15:32:00,27.9,0.0,CARTAO_CREDITO,CONCLUIDA
189,6,,2025-12-08 21:24:00,4.9,0.0,CARTAO_CREDITO,CONCLUIDA
190,10,35,2026-01-15 15:48:00,319.6,0.0,DINHEIRO,CONCLUIDA
191,15,91,2024-10-18 13:03:00,62.9,0.0,DINHEIRO,CANCELADA
192,13,25,2025-12-29 14:22:00,30.9,0.0,DINHEIRO,CONCLUIDA
193,1,87,2026-04-01 13:02:00,174.8,0.0,CARTAO_CREDITO,CONCLUIDA
194,11,173,2026-03-11 16:51:00,71.9,0.0,PIX,CONCLUIDA
195,12,138,2025-11-12 08:19:00,47.3,0.0,CONVENIO,CONCLUIDA
196,9,110,2025-08-08 18:52:00,204.7,0.0,CARTAO_CREDITO,CONCLUIDA
197,2,181,2025-10-03 17:31:00,668.1,0.0,CARTAO_CREDITO,CONCLUIDA
198,4,,2025-10-12 21:26:00,20.9,0.0,CARTAO_CREDITO,CONCLUIDA
199,1,63,2024-11-13 15:31:00,50.1,0.0,CARTAO_DEBITO,CONCLUIDA
200,9,11,2025-05-12 20:01:00,409.6,0.0,DINHEIRO,CONCLUIDA
201,3,129,2025-06-18 18:53:00,118.9,0.0,CARTAO_DEBITO,CONCLUIDA
202,9,192,2025-03-09 11:09:00,7.9,0.0,DINHEIRO,CONCLUIDA
203,7,29,2026-02-01 15:43:00,19.5,0.0,CARTAO_CREDITO,CONCLUIDA
204,1,,2026-05-11 19:42:00,30.9,0.0,PIX,CONCLUIDA
205,10,,2025-07-01 21:15:00,111.7,0.0,PIX,CONCLUIDA
206,12,113,2026-06-19 20:49:00,51.4,0.0,CARTAO_DEBITO,CONCLUIDA
207,11,,2025-06-02 09:22:00,606.2,0.0,CARTAO_CREDITO,CONCLUIDA
208,9,52,2024-11-17 17:05:00,59.8,0.0,DINHEIRO,CONCLUIDA
209,4,189,2025-09-26 18:37:00,50.9,0.0,PIX,CONCLUIDA
210,1,143,2025-10-03 11:58:00,38.4,0.0,DINHEIRO,CONCLUIDA
211,14,146,2026-03-26 14:49:00,62.7,0.0,PIX,CONCLUIDA
212,3,98,2025-10-13 17:13:00,27.5,0.0,CONVENIO,CONCLUIDA
213,3,159,2025-11-04 13:37:00,220.4,0.0,CARTAO_DEBITO,CONCLUIDA
214,10,189,2025-08-06 09:35:00,30.9,0.0,DINHEIRO,CONCLUIDA
215,9,,2026-04-09 08:00:00,143.8,0.0,CARTAO_CREDITO,CONCLUIDA
216,2,127,2026-06-17 15:08:00,63.3,0.0,DINHEIRO,CONCLUIDA
217,10,,2025-11-11 17:53:00,148.9,0.0,PIX,CONCLUIDA
218,7,,2026-06-01 18:51:00,17.5,1.33,CARTAO_CREDITO,CONCLUIDA
219,6,,2024-02-11 15:22:00,202.9,0.0,CONVENIO,CONCLUIDA
220,2,44,2026-04-22 12:36:00,59.7,0.0,PIX,CONCLUIDA
221,7,85,2026-06-13 18:07:00,252.8,0.0,CARTAO_CREDITO,CONCLUIDA
222,6,,2025-07-02 13:02:00,312.7,0.0,CARTAO_DEBITO,CONCLUIDA
223,15,,2025-10-14 10:24:00,17.2,0.0,PIX,CONCLUIDA
224,10,176,2025-01-02 18:06:00,213.9,0.0,PIX,CONCLUIDA
225,10,,2025-03-20 18:27:00,164.3,0.0,DINHEIRO,CONCLUIDA
226,9,120,2026-03-01 12:09:00,120.6,0.0,CONVENIO,CONCLUIDA
227,8,119,2025-08-05 21:16:00,26.1,0.0,CARTAO_CREDITO,CONCLUIDA
228,5,181,2026-04-26 19:29:00,285.5,0.0,PIX,CONCLUIDA
229,10,173,2026-03-30 08:00:00,17.2,0.0,CARTAO_CREDITO,CONCLUIDA
230,10,78,2025-09-23 13:44:00,176.7,25.98,CARTAO_DEBITO,CONCLUIDA
231,2,167,2026-05-16 21:50:00,149.9,0.0,CARTAO_DEBITO,CONCLUIDA
232,13,114,2025-04-27 08:55:00,98.9,0.0,CARTAO_CREDITO,CONCLUIDA
233,1,183,2026-01-28 21:31:00,152.8,0.0,PIX,CONCLUIDA
234,14,,2024-08-25 19:03:00,256.7,0.0,CARTAO_DEBITO,CONCLUIDA
235,7,,2026-06-22 14:01:00,309.8,0.0,CARTAO_CREDITO,CONCLUIDA
236,11,34,2026-01-10 19:24:00,314.6,0.0,CONVENIO,CONCLUIDA
237,2,26,2025-05-20 12:15:00,13.2,0.0,CARTAO_CREDITO,CONCLUIDA
238,2,,2025-08-01 13:27:00,7.2,0.0,DINHEIRO,CONCLUIDA
239,10,143,2025-09-15 21:44:00,143.3,0.0,PIX,CONCLUIDA
240,1,157,2026-05-28 09:52:00,140.0,0.0,CARTAO_DEBITO,CONCLUIDA
241,6,188,2024-06-06 18:23:00,10.2,0.0,CARTAO_CREDITO,CONCLUIDA
242,3,,2026-03-15 10:05:00,176.5,0.0,CARTAO_CREDITO,CONCLUIDA
243,5,118,2025-06-12 20:43:00,39.0,0.0,CARTAO_CREDITO,CONCLUIDA
244,1,103,2024-06-17 14:03:00,34.4,3.89,CARTAO_CREDITO,CONCLUIDA
245,9,76,2026-06-13 19:35:00,378.1,0.0,PIX,CONCLUIDA
246,9,,2025-09-25 18:28:00,279.9,0.0,CARTAO_DEBITO,CONCLUIDA
247,3,142,2025-12-21 20:40:00,27.9,0.0,CARTAO_CREDITO,CONCLUIDA
248,10,,2025-07-30 21:23:00,130.0,0.0,CARTAO_CREDITO,CONCLUIDA
249,1,61,2025-08-18 17:45:00,437.1,0.0,PIX,CONCLUIDA
250,9,134,2024-04-17 13:33:00,275.2,25.45,CARTAO_DEBITO,CONCLUIDA
251,2,174,2026-04-27 16:33:00,80.9,0.0,PIX,CONCLUIDA
252,15,136,2025-10-16 15:30:00,71.8,0.0,DINHEIRO,CONCLUIDA
253,1,75,2025-09-16 09:23:00,108.4,0.0,CARTAO_CREDITO,CONCLUIDA
254,14,73,2026-03-07 08:07:00,19.8,0.0,CARTAO_DEBITO,CONCLUIDA
255,13,122,2026-05-03 17:08:00,367.4,0.0,PIX,CONCLUIDA
256,9,100,2026-01-18 13:34:00,113.7,0.0,DINHEIRO,CONCLUIDA
257,9,144,2026-05-12 16:36:00,318.4,0.0,PIX,CONCLUIDA
258,13,137,2025-02-15 17:02:00,189.9,0.0,CARTAO_CREDITO,CONCLUIDA
259,3,197,2025-12-04 14:43:00,216.8,0.0,CARTAO_CREDITO,CONCLUIDA
260,5,97,2024-05-03 08:12:00,46.1,0.0,CARTAO_CREDITO,CONCLUIDA
261,4,17,2026-01-24 18:14:00,161.7,0.0,PIX,CONCLUIDA
262,9,78,2026-02-13 09:54:00,19.5,0.0,CARTAO_DEBITO,CONCLUIDA
263,8,143,2025-06-30 21:29:00,40.3,0.0,CONVENIO,CONCLUIDA
264,9,,2024-08-05 17:53:00,419.9,0.0,CARTAO_DEBITO,CONCLUIDA
265,2,143,2026-06-18 14:13:00,758.9,90.45,CARTAO_DEBITO,CONCLUIDA
266,1,3,2025-02-27 16:57:00,911.7,0.0,CARTAO_DEBITO,CONCLUIDA
267,13,,2025-09-01 13:52:00,97.6,0.0,CARTAO_CREDITO,CONCLUIDA
268,4,3,2025-07-10 20:17:00,303.6,0.0,CARTAO_DEBITO,CONCLUIDA
269,7,156,2025-10-08 21:40:00,119.7,0.0,CARTAO_CREDITO,CONCLUIDA
270,10,146,2026-06-21 16:46:00,39.6,0.0,PIX,CONCLUIDA
271,3,117,2026-02-03 18:43:00,189.9,0.0,PIX,CONCLUIDA
272,9,93,2025-07-22 19:14:00,930.4,0.0,DINHEIRO,CONCLUIDA
273,9,,2024-07-20 10:21:00,73.6,0.0,CARTAO_CREDITO,CONCLUIDA
274,4,28,2025-12-21 21:03:00,111.7,0.0,PIX,CONCLUIDA
275,9,16,2025-01-21 13:56:00,29.9,0.0,PIX,CONCLUIDA
276,9,27,2025-07-26 08:18:00,73.4,0.0,PIX,CONCLUIDA
277,7,159,2024-12-13 18:43:00,197.4,0.0,PIX,CONCLUIDA
278,11,,2026-03-17 12:22:00,93.9,0.0,CARTAO_CREDITO,CONCLUIDA
279,9,150,2026-03-05 10:09:00,332.6,0.0,CARTAO_CREDITO,CONCLUIDA
280,3,,2025-07-27 14:22:00,20.4,0.0,CARTAO_CREDITO,CONCLUIDA
281,10,,2025-12-16 21:37:00,71.9,0.0,CARTAO_DEBITO,CONCLUIDA
282,10,57,2025-10-16 11:44:00,113.4,0.0,CARTAO_CREDITO,CONCLUIDA
283,2,2,2025-08-06 13:01:00,32.5,0.0,CARTAO_DEBITO,CONCLUIDA
284,1,51,2025-10-20 12:46:00,64.7,7.62,CARTAO_CREDITO,CONCLUIDA
285,10,54,2025-10-30 13:51:00,125.7,0.0,CARTAO_CREDITO,CONCLUIDA
286,12,37,2024-05-13 20:12:00,482.6,0.0,CARTAO_CREDITO,CONCLUIDA
287,9,138,2025-09-14 13:15:00,57.3,0.0,DINHEIRO,CONCLUIDA
288,8,166,2025-01-18 15:33:00,35.9,0.0,CARTAO_CREDITO,CONCLUIDA
289,7,164,2025-08-20 18:02:00,371.6,0.0,CARTAO_CREDITO,CONCLUIDA
290,2,114,2025-10-25 17:02:00,203.4,0.0,CARTAO_CREDITO,CONCLUIDA
291,4,60,2025-08-07 13:57:00,116.1,6.25,DINHEIRO,CONCLUIDA
292,2,78,2026-02-25 18:54:00,93.5,0.0,CARTAO_CREDITO,CONCLUIDA
293,5,168,2026-05-30 16:48:00,268.0,0.0,CONVENIO,CONCLUIDA
294,11,179,2026-02-09 15:54:00,144.3,0.0,CARTAO_DEBITO,CONCLUIDA
295,4,176,2026-02-20 20:44:00,13.2,0.84,CARTAO_DEBITO,CONCLUIDA
296,15,155,2025-08-10 21:25:00,71.9,0.0,CONVENIO,CONCLUIDA
297,4,,2024-11-07 09:10:00,49.4,0.0,DINHEIRO,CONCLUIDA
298,2,135,2025-07-29 13:33:00,19.5,0.0,DINHEIRO,CONCLUIDA
299,5,100,2026-06-05 11:08:00,209.9,0.0,PIX,CONCLUIDA
300,2,118,2025-07-03 10:28:00,76.4,0.0,DINHEIRO,CONCLUIDA
301,1,166,2025-04-12 13:44:00,114.1,0.0,PIX,CONCLUIDA
302,2,101,2024-02-14 11:56:00,419.9,0.0,PIX,CONCLUIDA
303,10,127,2026-04-09 09:23:00,189.9,0.0,DINHEIRO,CONCLUIDA
304,1,164,2026-02-06 15:24:00,99.4,0.0,CARTAO_CREDITO,CONCLUIDA
305,9,119,2026-04-06 18:15:00,427.7,25.68,PIX,CONCLUIDA
306,8,20,2024-01-12 18:17:00,82.9,0.0,CARTAO_CREDITO,CONCLUIDA
307,9,170,2024-04-15 14:44:00,8.9,0.0,CARTAO_CREDITO,CONCLUIDA
308,3,,2025-07-08 14:01:00,27.5,4.01,CONVENIO,CONCLUIDA
309,11,186,2026-01-28 16:06:00,27.5,0.0,PIX,CONCLUIDA
310,6,28,2025-09-26 08:25:00,21.5,2.83,CARTAO_DEBITO,CONCLUIDA
311,4,56,2026-05-02 15:06:00,122.0,0.0,PIX,CONCLUIDA
312,10,163,2025-12-05 13:54:00,13.2,0.0,CARTAO_DEBITO,CONCLUIDA
313,9,151,2024-01-14 11:01:00,158.4,0.0,CARTAO_DEBITO,CONCLUIDA
314,1,,2026-02-12 19:56:00,19.8,0.0,CARTAO_CREDITO,CONCLUIDA
315,3,188,2025-11-01 11:34:00,98.6,6.83,DINHEIRO,CONCLUIDA
316,2,24,2026-04-07 21:50:00,24.5,0.0,PIX,CONCLUIDA
317,2,156,2025-11-23 17:28:00,17.2,0.0,CONVENIO,CONCLUIDA
318,2,130,2025-03-19 20:09:00,100.4,0.0,PIX,CONCLUIDA
319,10,119,2025-11-22 14:35:00,67.6,0.0,CARTAO_DEBITO,CONCLUIDA
320,1,,2025-01-18 15:25:00,173.8,0.0,PIX,CONCLUIDA
321,9,112,2026-02-28 20:46:00,171.5,22.52,CARTAO_CREDITO,CONCLUIDA
322,9,166,2026-05-05 15:43:00,20.9,0.0,DINHEIRO,CONCLUIDA
323,13,151,2024-03-23 16:58:00,28.4,0.0,CARTAO_CREDITO,CONCLUIDA
324,9,193,2026-01-15 21:05:00,54.4,0.0,DINHEIRO,CONCLUIDA
325,1,126,2025-08-04 20:44:00,46.8,0.0,CARTAO_CREDITO,CONCLUIDA
326,2,,2025-10-16 10:12:00,27.5,0.0,DINHEIRO,CONCLUIDA
327,9,163,2025-11-27 09:24:00,16.9,0.0,DINHEIRO,CONCLUIDA
328,1,193,2025-11-12 17:50:00,28.4,0.0,CONVENIO,CONCLUIDA
329,15,125,2025-12-19 17:27:00,417.6,35.75,CARTAO_CREDITO,CONCLUIDA
330,1,179,2025-09-09 08:38:00,70.4,0.0,DINHEIRO,CONCLUIDA
331,9,164,2026-04-12 13:01:00,249.1,0.0,CARTAO_DEBITO,CONCLUIDA
332,15,,2026-01-21 14:18:00,79.9,0.0,CARTAO_DEBITO,CONCLUIDA
333,12,115,2025-05-08 18:34:00,32.9,0.0,CARTAO_CREDITO,CANCELADA
334,14,99,2024-08-13 19:16:00,624.0,52.62,CARTAO_DEBITO,CONCLUIDA
335,10,168,2025-07-29 21:27:00,35.9,0.0,PIX,CONCLUIDA
336,9,30,2025-09-03 21:20:00,93.4,0.0,CONVENIO,CONCLUIDA
337,4,174,2024-05-09 16:42:00,71.9,0.0,CARTAO_DEBITO,CONCLUIDA
338,11,57,2026-02-18 10:38:00,273.3,0.0,CARTAO_CREDITO,CONCLUIDA
339,9,75,2025-01-20 08:51:00,74.4,0.0,CARTAO_CREDITO,CONCLUIDA
340,11,,2025-07-11 16:25:00,156.7,0.0,CARTAO_CREDITO,CONCLUIDA
341,5,193,2026-06-05 20:03:00,261.0,0.0,PIX,CONCLUIDA
342,2,93,2025-08-12 09:43:00,104.4,0.0,PIX,CONCLUIDA
343,9,,2025-02-17 11:02:00,76.8,0.0,DINHEIRO,CONCLUIDA
344,9,167,2026-05-19 18:28:00,24.5,0.0,CARTAO_CREDITO,CONCLUIDA
345,2,147,2026-06-20 19:06:00,51.6,0.0,PIX,CONCLUIDA
346,2,183,2026-03-25 16:11:00,533.7,0.0,CARTAO_CREDITO,CONCLUIDA
347,2,169,2024-07-04 21:38:00,389.8,0.0,CARTAO_DEBITO,CONCLUIDA
348,2,144,2025-07-17 09:07:00,72.9,5.84,CARTAO_DEBITO,CONCLUIDA
349,8,169,2025-09-09 17:31:00,461.4,0.0,CARTAO_DEBITO,CONCLUIDA
350,1,56,2025-09-08 16:13:00,8.5,0.0,CARTAO_DEBITO,CONCLUIDA
351,13,22,2025-11-23 14:44:00,127.5,0.0,DINHEIRO,CONCLUIDA
352,4,131,2025-03-05 21:09:00,79.9,0.0,CARTAO_CREDITO,CONCLUIDA
353,9,86,2024-05-29 21:51:00,85.5,0.0,CARTAO_CREDITO,CONCLUIDA
354,10,135,2024-11-09 17:52:00,69.8,0.0,PIX,CONCLUIDA
355,9,,2026-01-15 10:22:00,550.7,0.0,PIX,CONCLUIDA
356,2,189,2026-05-23 13:45:00,215.6,0.0,PIX,CONCLUIDA
357,8,59,2025-08-13 12:26:00,129.8,0.0,PIX,CONCLUIDA
358,7,,2025-03-10 18:32:00,15.2,0.0,PIX,CONCLUIDA
359,10,158,2025-07-03 19:27:00,180.0,0.0,PIX,CONCLUIDA
360,2,35,2025-07-26 14:31:00,190.7,0.0,CARTAO_CREDITO,CONCLUIDA
361,2,76,2025-07-01 19:40:00,169.0,0.0,CARTAO_DEBITO,CONCLUIDA
362,13,,2026-05-18 15:03:00,241.8,0.0,CARTAO_CREDITO,CONCLUIDA
363,4,126,2026-03-27 16:57:00,9.5,0.0,CARTAO_CREDITO,CONCLUIDA
364,7,94,2025-10-01 16:51:00,211.3,0.0,CARTAO_CREDITO,CONCLUIDA
365,4,171,2026-03-02 18:17:00,75.0,0.0,DINHEIRO,CONCLUIDA
366,14,,2025-08-25 09:50:00,12.9,0.0,DINHEIRO,CONCLUIDA
367,11,153,2025-03-20 15:18:00,8.5,0.0,CARTAO_CREDITO,CONCLUIDA
368,3,68,2024-09-10 18:52:00,75.8,0.0,CARTAO_CREDITO,CONCLUIDA
369,2,103,2025-10-06 10:27:00,17.5,0.0,DINHEIRO,CONCLUIDA
370,15,110,2026-03-18 14:41:00,62.9,0.0,DINHEIRO,CONCLUIDA
371,4,11,2026-06-03 19:20:00,95.6,0.0,CARTAO_CREDITO,CONCLUIDA
372,1,142,2024-05-13 13:23:00,77.8,0.0,PIX,CONCLUIDA
373,1,155,2026-04-26 18:52:00,117.6,0.0,CARTAO_CREDITO,CONCLUIDA
374,2,108,2025-11-06 20:54:00,160.7,0.0,PIX,CONCLUIDA
375,5,,2025-07-11 10:38:00,246.0,0.0,CARTAO_CREDITO,CONCLUIDA
376,5,53,2025-09-19 17:13:00,17.9,0.0,CARTAO_DEBITO,CONCLUIDA
377,3,182,2025-08-29 10:14:00,19.8,0.0,DINHEIRO,CONCLUIDA
378,2,,2025-11-04 21:13:00,34.9,0.0,CARTAO_DEBITO,CONCLUIDA
379,14,,2025-09-06 14:57:00,27.9,2.39,CARTAO_DEBITO,CONCLUIDA
380,3,5,2026-04-24 09:46:00,73.8,0.0,PIX,CONCLUIDA
381,9,,2026-02-13 11:46:00,50.1,0.0,PIX,CONCLUIDA
382,9,,2025-11-21 08:19:00,71.9,0.0,CARTAO_CREDITO,CONCLUIDA
383,6,166,2024-04-12 19:33:00,78.8,0.0,DINHEIRO,CONCLUIDA
384,2,69,2026-05-17 17:00:00,62.9,0.0,PIX,CONCLUIDA
385,1,195,2026-02-12 21:10:00,62.4,0.0,CARTAO_CREDITO,CANCELADA
386,1,27,2026-01-28 10:00:00,8.5,0.0,PIX,CONCLUIDA
387,13,176,2026-04-22 09:31:00,188.7,0.0,CARTAO_CREDITO,CONCLUIDA
388,4,22,2025-09-11 10:11:00,26.9,0.0,CARTAO_CREDITO,CONCLUIDA
389,3,,2025-08-22 12:58:00,131.6,0.0,CARTAO_CREDITO,CONCLUIDA
390,2,115,2026-03-15 15:52:00,66.4,0.0,DINHEIRO,CONCLUIDA
391,4,178,2025-09-08 20:40:00,94.6,0.0,CARTAO_CREDITO,CONCLUIDA
392,1,135,2026-06-20 20:47:00,62.9,0.0,CARTAO_CREDITO,CANCELADA
393,9,,2024-03-02 13:23:00,531.0,0.0,PIX,CONCLUIDA
394,10,179,2025-01-21 19:01:00,80.4,0.0,CARTAO_DEBITO,CONCLUIDA
395,1,21,2025-07-06 17:53:00,26.9,0.0,PIX,CONCLUIDA
396,14,185,2026-05-26 19:00:00,39.9,0.0,CARTAO_CREDITO,CONCLUIDA
397,5,117,2025-11-09 17:32:00,20.9,1.83,CARTAO_CREDITO,CONCLUIDA
398,10,15,2025-10-02 21:47:00,199.8,0.0,CONVENIO,CONCLUIDA
399,1,109,2025-08-24 09:04:00,217.7,0.0,CARTAO_CREDITO,CONCLUIDA
400,4,164,2024-09-03 12:05:00,37.0,0.0,CONVENIO,CONCLUIDA
401,10,,2025-12-08 20:25:00,442.1,0.0,PIX,CONCLUIDA
402,1,184,2025-10-18 20:43:00,89.8,0.0,CARTAO_DEBITO,CONCLUIDA
403,2,160,2025-03-17 08:57:00,254.9,13.13,PIX,CONCLUIDA
404,4,,2024-03-30 15:06:00,98.9,0.0,CARTAO_CREDITO,CONCLUIDA
405,1,198,2026-02-27 12:48:00,138.3,0.0,PIX,CONCLUIDA
406,2,160,2025-01-17 09:43:00,67.5,0.0,CARTAO_CREDITO,CANCELADA
407,12,41,2025-08-06 11:24:00,639.6,0.0,PIX,CONCLUIDA
408,13,52,2025-08-02 13:21:00,245.8,0.0,CONVENIO,CONCLUIDA
409,9,9,2026-03-03 14:03:00,237.8,29.93,PIX,CONCLUIDA
410,3,37,2026-01-23 09:19:00,100.0,0.0,PIX,CONCLUIDA
411,13,193,2025-10-09 13:26:00,48.8,0.0,CARTAO_CREDITO,CANCELADA
412,10,20,2025-08-15 17:09:00,385.8,0.0,CARTAO_CREDITO,CONCLUIDA
413,14,,2025-10-16 17:06:00,99.1,0.0,DINHEIRO,CONCLUIDA
414,9,,2026-01-02 08:19:00,62.7,0.0,PIX,CONCLUIDA
415,9,196,2025-09-28 15:27:00,48.8,0.0,CARTAO_CREDITO,CONCLUIDA
416,9,26,2026-04-05 21:06:00,19.5,0.0,DINHEIRO,CONCLUIDA
417,9,129,2025-07-16 18:18:00,172.5,0.0,PIX,CONCLUIDA
418,14,119,2026-05-26 19:50:00,71.8,0.0,PIX,CONCLUIDA
419,9,107,2024-01-05 14:02:00,71.8,0.0,DINHEIRO,CONCLUIDA
420,4,147,2024-09-04 16:25:00,26.0,0.0,CARTAO_CREDITO,CONCLUIDA
421,13,112,2026-06-28 20:08:00,159.7,0.0,CARTAO_DEBITO,CONCLUIDA
422,1,198,2025-07-14 17:45:00,330.8,0.0,CARTAO_DEBITO,CONCLUIDA
423,4,14,2025-09-11 18:01:00,98.8,0.0,CARTAO_DEBITO,CONCLUIDA
424,13,127,2026-05-08 11:25:00,117.9,0.0,DINHEIRO,CONCLUIDA
425,13,,2025-07-05 10:42:00,262.2,0.0,CARTAO_DEBITO,CONCLUIDA
426,9,190,2025-08-31 11:38:00,35.8,0.0,DINHEIRO,CONCLUIDA
427,13,36,2026-06-19 10:17:00,32.9,0.0,CARTAO_CREDITO,CONCLUIDA
428,10,132,2024-07-16 12:11:00,214.6,0.0,CARTAO_CREDITO,CONCLUIDA
429,7,,2025-11-16 21:20:00,18.7,0.0,CARTAO_DEBITO,CONCLUIDA
430,2,131,2026-01-25 12:38:00,83.4,0.0,PIX,CONCLUIDA
431,2,56,2025-01-15 10:49:00,21.0,0.0,CARTAO_CREDITO,CONCLUIDA
432,4,17,2026-05-04 11:33:00,66.1,0.0,CARTAO_CREDITO,CONCLUIDA
433,1,12,2025-03-07 09:07:00,74.8,0.0,CARTAO_CREDITO,CONCLUIDA
434,15,,2026-01-22 08:57:00,132.1,0.0,CARTAO_DEBITO,CONCLUIDA
435,3,103,2025-12-07 15:39:00,172.5,0.0,DINHEIRO,CONCLUIDA
436,11,,2025-10-22 08:52:00,379.8,0.0,DINHEIRO,CONCLUIDA
437,1,95,2025-07-04 08:59:00,19.8,0.0,CARTAO_DEBITO,CONCLUIDA
438,4,98,2025-09-25 10:37:00,39.0,0.0,CARTAO_CREDITO,CONCLUIDA
439,5,32,2025-10-31 17:30:00,503.1,0.0,CARTAO_DEBITO,CONCLUIDA
440,10,127,2025-07-06 18:13:00,135.3,0.0,CARTAO_CREDITO,CONCLUIDA
441,4,,2025-11-02 10:54:00,360.0,0.0,CARTAO_DEBITO,CONCLUIDA
442,3,,2024-05-30 15:56:00,26.4,0.0,DINHEIRO,CANCELADA
443,9,68,2026-04-07 09:22:00,12.9,0.0,CARTAO_CREDITO,CONCLUIDA
444,4,98,2025-03-08 11:18:00,7.9,0.0,CARTAO_CREDITO,CONCLUIDA
445,9,29,2025-07-27 08:36:00,39.8,0.0,CARTAO_CREDITO,CONCLUIDA
446,5,57,2026-06-19 19:17:00,12.5,0.0,CARTAO_CREDITO,CONCLUIDA
447,10,129,2025-09-29 15:47:00,232.9,0.0,CARTAO_CREDITO,CONCLUIDA
448,1,,2024-06-23 18:48:00,218.8,0.0,PIX,CONCLUIDA
449,9,,2025-06-21 16:10:00,693.3,0.0,PIX,CONCLUIDA
450,4,91,2025-12-17 16:49:00,226.2,0.0,CARTAO_DEBITO,CONCLUIDA
451,7,190,2025-03-17 13:13:00,28.5,0.0,PIX,CONCLUIDA
452,9,,2026-03-26 10:16:00,169.9,0.0,PIX,CONCLUIDA
453,4,134,2026-05-04 17:07:00,53.8,0.0,CARTAO_CREDITO,CONCLUIDA
454,9,75,2025-11-11 10:19:00,98.9,7.74,CARTAO_CREDITO,CONCLUIDA
455,1,111,2025-06-30 08:16:00,165.2,0.0,DINHEIRO,CONCLUIDA
456,14,174,2025-03-08 14:57:00,71.9,0.0,DINHEIRO,CONCLUIDA
457,12,,2025-10-10 12:08:00,84.5,0.0,CARTAO_CREDITO,CONCLUIDA
458,9,112,2026-03-26 15:44:00,307.6,0.0,CARTAO_CREDITO,CONCLUIDA
459,2,,2025-08-17 16:23:00,215.3,0.0,DINHEIRO,CANCELADA
460,10,,2025-07-27 09:03:00,558.6,0.0,CARTAO_CREDITO,CONCLUIDA
461,8,127,2026-06-10 18:54:00,18.4,1.2,CARTAO_CREDITO,CONCLUIDA
462,8,27,2026-03-15 15:25:00,76.9,0.0,DINHEIRO,CONCLUIDA
463,12,157,2026-05-29 18:39:00,13.2,0.0,DINHEIRO,CONCLUIDA
464,2,140,2026-03-02 12:18:00,174.8,0.0,CARTAO_DEBITO,CONCLUIDA
465,1,166,2025-11-03 17:28:00,372.0,0.0,DINHEIRO,CONCLUIDA
466,8,45,2024-12-26 18:46:00,75.5,0.0,CARTAO_DEBITO,CONCLUIDA
467,11,121,2024-07-03 17:45:00,87.7,0.0,PIX,CONCLUIDA
468,1,188,2025-08-18 18:06:00,286.1,0.0,CARTAO_CREDITO,CONCLUIDA
469,13,65,2025-08-06 15:48:00,21.8,0.0,CARTAO_CREDITO,CONCLUIDA
470,9,65,2026-06-12 12:14:00,83.8,0.0,CARTAO_CREDITO,CONCLUIDA
471,9,53,2025-09-09 08:23:00,287.7,0.0,PIX,CONCLUIDA
472,7,,2026-02-27 16:22:00,95.2,0.0,CARTAO_CREDITO,CONCLUIDA
473,7,139,2025-10-22 21:18:00,41.5,0.0,PIX,CONCLUIDA
474,1,133,2025-05-27 12:25:00,701.5,0.0,CARTAO_DEBITO,CONCLUIDA
475,5,196,2025-10-12 16:52:00,201.7,0.0,PIX,CONCLUIDA
476,1,190,2024-03-23 16:30:00,19.8,0.0,PIX,CONCLUIDA
477,4,59,2025-07-28 08:49:00,28.5,0.0,PIX,CONCLUIDA
478,1,179,2026-06-24 14:35:00,77.4,5.67,DINHEIRO,CONCLUIDA
479,2,138,2025-07-07 21:46:00,27.9,0.0,CARTAO_CREDITO,CONCLUIDA
480,4,63,2024-05-12 17:25:00,49.9,0.0,CARTAO_CREDITO,CONCLUIDA
481,10,,2026-05-29 11:28:00,283.1,0.0,PIX,CONCLUIDA
482,14,21,2025-09-08 21:33:00,155.9,0.0,CARTAO_CREDITO,CONCLUIDA
483,10,,2025-07-17 12:17:00,24.5,0.0,CARTAO_DEBITO,CONCLUIDA
484,1,114,2025-10-13 14:11:00,124.4,13.79,CARTAO_DEBITO,CONCLUIDA
485,13,,2025-08-28 11:48:00,148.0,0.0,DINHEIRO,CONCLUIDA
486,15,109,2026-04-16 20:33:00,440.8,0.0,CARTAO_CREDITO,CONCLUIDA
487,9,169,2026-05-30 20:49:00,379.8,0.0,CARTAO_DEBITO,CONCLUIDA
488,1,10,2025-05-06 18:54:00,56.9,0.0,CARTAO_DEBITO,CONCLUIDA
489,3,67,2024-05-10 11:40:00,110.5,0.0,CARTAO_CREDITO,CONCLUIDA
490,14,,2024-01-17 18:54:00,50.7,0.0,PIX,CONCLUIDA
491,3,96,2025-11-28 14:04:00,289.2,0.0,CARTAO_DEBITO,CONCLUIDA
492,2,39,2024-01-27 09:38:00,35.8,0.0,CARTAO_CREDITO,CONCLUIDA
493,4,169,2025-01-25 20:41:00,7.2,0.0,DINHEIRO,CONCLUIDA
494,10,32,2025-06-24 20:03:00,228.1,0.0,CARTAO_DEBITO,CONCLUIDA
495,10,117,2025-08-28 19:15:00,174.2,0.0,CARTAO_CREDITO,CONCLUIDA
496,15,,2026-01-24 18:37:00,137.8,0.0,CARTAO_DEBITO,CONCLUIDA
497,9,198,2025-09-30 15:00:00,317.7,29.59,CARTAO_CREDITO,CONCLUIDA
498,15,136,2025-03-08 13:08:00,193.9,0.0,CARTAO_CREDITO,CONCLUIDA
499,1,19,2024-12-29 15:58:00,253.6,0.0,CARTAO_CREDITO,CONCLUIDA
500,9,,2025-09-15 08:37:00,390.9,0.0,CARTAO_DEBITO,CONCLUIDA
501,3,145,2026-03-25 17:32:00,233.8,0.0,PIX,CONCLUIDA
502,10,,2026-03-22 12:36:00,34.9,0.0,PIX,CONCLUIDA
503,6,,2025-11-09 17:48:00,7.9,0.0,DINHEIRO,CONCLUIDA
504,10,11,2025-07-06 16:51:00,88.7,0.0,CARTAO_CREDITO,CONCLUIDA
505,8,,2025-08-25 19:45:00,27.9,1.78,PIX,CONCLUIDA
506,9,,2026-02-01 20:14:00,12.9,0.0,PIX,CONCLUIDA
507,9,177,2025-07-19 14:06:00,365.2,0.0,PIX,CONCLUIDA
508,2,121,2025-10-03 19:31:00,98.7,0.0,CARTAO_CREDITO,CONCLUIDA
509,1,143,2025-12-28 10:02:00,28.5,0.0,CARTAO_CREDITO,CONCLUIDA
510,8,,2026-05-10 11:56:00,113.4,0.0,CARTAO_CREDITO,CONCLUIDA
511,13,108,2024-11-29 11:42:00,148.9,0.0,CARTAO_CREDITO,CONCLUIDA
512,2,,2026-06-03 15:38:00,98.9,0.0,CARTAO_CREDITO,CONCLUIDA
513,5,83,2025-12-09 14:25:00,50.9,0.0,PIX,CONCLUIDA
514,4,147,2025-07-02 11:49:00,593.9,0.0,CARTAO_DEBITO,CONCLUIDA
515,10,13,2026-01-01 16:12:00,277.1,0.0,CONVENIO,CONCLUIDA
516,14,6,2025-06-23 09:32:00,39.8,0.0,CARTAO_CREDITO,CONCLUIDA
517,3,97,2024-05-14 21:47:00,105.1,0.0,PIX,CONCLUIDA
518,2,80,2025-03-11 16:47:00,10.2,0.0,DINHEIRO,CONCLUIDA
519,4,57,2025-07-28 12:30:00,75.9,0.0,CARTAO_CREDITO,CONCLUIDA
520,1,7,2025-10-26 15:23:00,84.5,0.0,CARTAO_CREDITO,CONCLUIDA
521,1,126,2025-08-11 10:25:00,62.3,0.0,CARTAO_DEBITO,CONCLUIDA
522,2,145,2025-07-02 12:44:00,93.2,0.0,CARTAO_CREDITO,CONCLUIDA
523,7,190,2024-03-24 09:27:00,31.4,0.0,CARTAO_DEBITO,CONCLUIDA
524,1,,2026-05-16 20:33:00,300.8,0.0,CARTAO_CREDITO,CONCLUIDA
525,3,96,2025-09-22 10:18:00,35.9,0.0,CARTAO_DEBITO,CONCLUIDA
526,14,,2026-05-22 10:10:00,208.0,24.99,CARTAO_DEBITO,CONCLUIDA
527,1,25,2026-02-24 17:10:00,77.0,0.0,DINHEIRO,CONCLUIDA
528,12,79,2026-01-22 12:35:00,179.9,0.0,CARTAO_DEBITO,CONCLUIDA
529,9,85,2026-04-29 17:17:00,244.9,0.0,CONVENIO,CONCLUIDA
530,2,1,2025-07-26 10:32:00,589.7,0.0,PIX,CONCLUIDA
531,10,91,2026-03-24 13:33:00,88.0,0.0,DINHEIRO,CONCLUIDA
532,9,65,2025-07-25 14:41:00,125.8,0.0,CARTAO_CREDITO,CONCLUIDA
533,6,49,2025-09-29 19:00:00,36.4,0.0,CARTAO_CREDITO,CONCLUIDA
534,8,70,2025-11-17 18:30:00,532.2,0.0,CARTAO_CREDITO,CONCLUIDA
535,1,183,2025-09-28 21:54:00,103.3,0.0,DINHEIRO,CONCLUIDA
536,3,,2026-01-25 08:21:00,256.8,0.0,PIX,CONCLUIDA
537,1,,2025-11-13 09:11:00,10.2,0.0,CARTAO_CREDITO,CONCLUIDA
538,11,,2026-04-13 13:07:00,332.7,0.0,CARTAO_CREDITO,CONCLUIDA
539,4,6,2026-03-18 08:13:00,153.5,0.0,CARTAO_DEBITO,CONCLUIDA
540,10,14,2025-11-23 10:17:00,14.4,0.0,DINHEIRO,CONCLUIDA
541,15,113,2026-03-07 13:37:00,426.5,0.0,CARTAO_CREDITO,CONCLUIDA
542,10,175,2024-07-31 13:44:00,75.4,0.0,CONVENIO,CONCLUIDA
543,13,162,2025-09-09 15:37:00,269.7,0.0,CARTAO_CREDITO,CANCELADA
544,5,166,2024-07-10 13:19:00,58.9,0.0,CARTAO_CREDITO,CONCLUIDA
545,5,,2026-01-07 17:21:00,74.0,0.0,CARTAO_CREDITO,CONCLUIDA
546,10,,2025-07-14 10:32:00,41.9,0.0,CARTAO_CREDITO,CONCLUIDA
547,2,14,2024-11-12 20:49:00,71.9,4.66,DINHEIRO,CONCLUIDA
548,3,61,2025-03-23 09:46:00,62.0,0.0,CARTAO_CREDITO,CONCLUIDA
549,7,119,2026-02-20 09:24:00,601.2,0.0,DINHEIRO,CONCLUIDA
550,1,190,2024-01-28 11:56:00,217.7,0.0,CARTAO_DEBITO,CONCLUIDA
551,2,12,2026-02-07 09:21:00,17.2,0.0,CARTAO_CREDITO,CONCLUIDA
552,1,,2025-09-21 14:43:00,24.5,0.0,CARTAO_DEBITO,CONCLUIDA
553,5,,2025-09-03 17:32:00,86.4,0.0,CARTAO_CREDITO,CONCLUIDA
554,2,,2025-05-29 13:49:00,1259.7,0.0,CARTAO_CREDITO,CONCLUIDA
555,6,173,2025-07-03 13:59:00,35.8,0.0,PIX,CONCLUIDA
556,1,32,2025-04-16 13:03:00,155.8,0.0,PIX,CONCLUIDA
557,5,77,2025-09-02 09:22:00,106.4,0.0,PIX,CONCLUIDA
558,7,,2026-02-19 19:39:00,234.2,0.0,CARTAO_CREDITO,CONCLUIDA
559,12,186,2026-05-22 19:19:00,39.8,0.0,CARTAO_CREDITO,CONCLUIDA
560,13,,2025-08-07 12:19:00,52.0,0.0,CARTAO_DEBITO,CONCLUIDA
561,10,71,2025-07-23 17:25:00,79.8,0.0,PIX,CONCLUIDA
562,10,25,2025-07-09 19:20:00,188.7,0.0,CARTAO_CREDITO,CONCLUIDA
563,1,89,2024-06-04 15:54:00,22.5,0.0,PIX,CONCLUIDA
564,12,,2025-07-28 13:05:00,550.5,0.0,CARTAO_CREDITO,CONCLUIDA
565,1,,2026-03-08 11:24:00,47.5,0.0,PIX,CONCLUIDA
566,9,41,2026-01-22 14:35:00,189.2,0.0,CARTAO_CREDITO,CONCLUIDA
567,9,137,2026-01-22 15:48:00,225.6,0.0,CARTAO_CREDITO,CONCLUIDA
568,9,149,2025-03-04 14:12:00,114.3,0.0,CARTAO_DEBITO,CONCLUIDA
569,4,146,2025-12-01 09:23:00,97.8,0.0,DINHEIRO,CONCLUIDA
570,10,121,2024-07-23 13:08:00,369.4,0.0,CARTAO_CREDITO,CONCLUIDA
571,10,,2024-06-12 11:29:00,39.9,0.0,PIX,CONCLUIDA
572,7,107,2026-06-23 19:34:00,486.2,0.0,DINHEIRO,CONCLUIDA
573,10,184,2025-10-06 18:28:00,39.0,0.0,CARTAO_CREDITO,CONCLUIDA
574,10,94,2025-12-20 10:58:00,55.7,0.0,CARTAO_CREDITO,CONCLUIDA
575,10,88,2026-02-12 13:50:00,7.9,0.0,CARTAO_CREDITO,CONCLUIDA
576,3,95,2026-06-30 12:19:00,84.5,0.0,PIX,CONCLUIDA
577,10,38,2026-05-29 14:16:00,21.5,0.0,CARTAO_DEBITO,CANCELADA
578,4,133,2026-05-12 10:22:00,161.8,0.0,CARTAO_DEBITO,CONCLUIDA
579,12,124,2024-01-15 18:04:00,7.2,0.0,CARTAO_CREDITO,CONCLUIDA
580,2,128,2026-05-22 08:53:00,69.3,0.0,PIX,CONCLUIDA
581,3,,2025-07-04 21:05:00,14.2,0.0,CONVENIO,CONCLUIDA
582,9,63,2026-02-18 10:02:00,7.9,0.0,CONVENIO,CONCLUIDA
583,1,,2025-07-31 11:14:00,356.8,0.0,CARTAO_CREDITO,CONCLUIDA
584,2,51,2026-04-27 11:38:00,91.7,0.0,CARTAO_CREDITO,CONCLUIDA
585,9,1,2026-01-24 17:17:00,12.9,0.0,CARTAO_CREDITO,CONCLUIDA
586,3,88,2026-04-13 16:19:00,26.9,0.0,CARTAO_DEBITO,CONCLUIDA
587,7,17,2025-11-20 12:06:00,446.8,0.0,PIX,CONCLUIDA
588,3,121,2025-11-30 17:13:00,20.9,0.0,CARTAO_DEBITO,CONCLUIDA
589,2,84,2025-04-30 18:38:00,92.8,0.0,PIX,CONCLUIDA
590,4,116,2026-04-14 14:48:00,191.2,0.0,CARTAO_CREDITO,CANCELADA
591,10,184,2026-01-07 08:20:00,31.7,0.0,CARTAO_CREDITO,CONCLUIDA
592,2,185,2025-07-23 20:42:00,136.2,0.0,CARTAO_CREDITO,CONCLUIDA
593,10,199,2026-04-24 10:55:00,10.2,0.0,CARTAO_CREDITO,CONCLUIDA
594,9,143,2025-11-26 19:01:00,555.6,0.0,DINHEIRO,CONCLUIDA
595,2,,2026-05-05 19:59:00,19.5,0.0,DINHEIRO,CONCLUIDA
596,11,132,2026-04-15 14:02:00,647.7,0.0,CONVENIO,CONCLUIDA
597,8,23,2026-02-24 17:41:00,343.5,0.0,CONVENIO,CONCLUIDA
598,9,136,2026-01-27 21:27:00,107.8,8.87,PIX,CONCLUIDA
599,12,197,2026-02-19 18:42:00,127.7,14.07,CARTAO_CREDITO,CONCLUIDA
600,10,18,2025-12-08 11:42:00,25.5,0.0,CARTAO_CREDITO,CONCLUIDA
601,10,113,2026-01-08 08:28:00,270.9,0.0,PIX,CONCLUIDA
602,8,133,2025-10-15 09:31:00,197.5,0.0,PIX,CONCLUIDA
603,3,117,2026-01-10 20:26:00,282.4,32.29,CARTAO_CREDITO,CONCLUIDA
604,7,,2026-05-27 13:02:00,10.5,0.0,DINHEIRO,CONCLUIDA
605,10,54,2025-11-07 12:23:00,86.8,0.0,CARTAO_DEBITO,CONCLUIDA
606,1,128,2026-01-22 18:23:00,189.9,10.04,PIX,CONCLUIDA
607,10,105,2026-01-09 20:38:00,39.8,0.0,PIX,CONCLUIDA
608,15,122,2026-01-28 21:57:00,8.9,0.0,CARTAO_DEBITO,CONCLUIDA
609,2,94,2025-11-15 19:06:00,77.2,0.0,CARTAO_CREDITO,CONCLUIDA
610,10,158,2025-10-23 12:11:00,149.9,0.0,PIX,CONCLUIDA
611,12,34,2026-01-07 18:09:00,201.5,0.0,CARTAO_DEBITO,CONCLUIDA
612,1,89,2026-04-21 14:28:00,71.7,0.0,CONVENIO,CONCLUIDA
613,4,,2025-12-21 20:55:00,198.5,0.0,CARTAO_CREDITO,CONCLUIDA
614,1,25,2026-02-19 21:07:00,233.8,0.0,DINHEIRO,CONCLUIDA
615,2,,2025-06-07 11:09:00,13.2,0.0,PIX,CONCLUIDA
616,10,136,2026-03-29 13:34:00,121.2,0.0,CARTAO_CREDITO,CONCLUIDA
617,2,,2026-05-28 11:17:00,341.2,0.0,DINHEIRO,CONCLUIDA
618,4,,2024-03-09 08:48:00,41.8,0.0,CARTAO_CREDITO,CONCLUIDA
619,3,166,2026-04-28 11:15:00,7.9,0.0,PIX,CONCLUIDA
620,9,53,2026-06-09 12:48:00,183.2,0.0,CARTAO_CREDITO,CONCLUIDA
621,6,,2026-05-08 15:09:00,258.1,0.0,DINHEIRO,CONCLUIDA
622,2,188,2025-09-05 21:23:00,75.5,0.0,CARTAO_CREDITO,CONCLUIDA
623,13,85,2025-11-05 13:05:00,59.2,0.0,DINHEIRO,CONCLUIDA
624,7,145,2026-03-22 21:59:00,62.9,0.0,CARTAO_DEBITO,CONCLUIDA
625,9,196,2026-04-23 18:45:00,111.5,0.0,PIX,CONCLUIDA
626,8,,2025-10-05 19:49:00,448.9,0.0,CARTAO_CREDITO,CONCLUIDA
627,11,64,2025-07-24 13:29:00,45.9,0.0,CARTAO_DEBITO,CONCLUIDA
628,10,45,2026-05-27 09:21:00,183.3,0.0,CARTAO_CREDITO,CONCLUIDA
629,4,48,2024-07-26 12:54:00,253.7,0.0,PIX,CONCLUIDA
630,9,,2025-07-27 12:48:00,49.9,5.48,CARTAO_DEBITO,CONCLUIDA
631,5,184,2025-12-28 14:08:00,98.9,0.0,PIX,CONCLUIDA
632,2,,2025-09-17 18:17:00,7.2,0.0,DINHEIRO,CONCLUIDA
633,2,63,2026-05-28 17:30:00,108.9,0.0,PIX,CONCLUIDA
634,13,,2025-12-24 20:23:00,35.9,0.0,PIX,CONCLUIDA
635,9,178,2026-06-24 11:50:00,25.8,0.0,CARTAO_DEBITO,CONCLUIDA
636,11,90,2025-10-22 16:52:00,190.0,0.0,CONVENIO,CONCLUIDA
637,2,144,2024-12-21 15:55:00,41.5,0.0,PIX,CONCLUIDA
638,14,183,2026-02-05 19:48:00,1297.1,0.0,PIX,CONCLUIDA
639,4,157,2025-12-30 17:07:00,10.2,0.0,PIX,CONCLUIDA
640,3,195,2026-05-05 10:01:00,387.3,0.0,CARTAO_DEBITO,CONCLUIDA
641,5,179,2025-12-22 10:06:00,55.8,0.0,CARTAO_CREDITO,CONCLUIDA
642,5,166,2024-12-13 15:48:00,83.7,7.31,DINHEIRO,CONCLUIDA
643,15,2,2025-12-03 08:51:00,15.1,0.0,PIX,CONCLUIDA
644,4,,2025-09-06 13:36:00,30.7,1.65,CARTAO_CREDITO,CONCLUIDA
645,14,,2024-11-15 12:06:00,14.2,0.98,CARTAO_CREDITO,CONCLUIDA
646,9,117,2025-07-15 21:24:00,336.4,0.0,PIX,CONCLUIDA
647,13,,2025-11-06 19:48:00,14.2,0.0,PIX,CONCLUIDA
648,9,134,2026-04-05 18:12:00,10.2,0.0,CARTAO_CREDITO,CONCLUIDA
649,4,126,2026-04-13 15:39:00,46.8,0.0,CARTAO_CREDITO,CONCLUIDA
650,9,,2026-05-24 13:47:00,71.9,0.0,DINHEIRO,CONCLUIDA
651,11,112,2025-06-20 21:11:00,81.1,0.0,CARTAO_DEBITO,CONCLUIDA
652,7,157,2026-01-11 11:57:00,268.2,17.21,CARTAO_DEBITO,CONCLUIDA
653,9,,2026-04-18 19:55:00,42.5,5.63,PIX,CONCLUIDA
654,11,200,2026-05-03 08:40:00,194.9,0.0,CARTAO_DEBITO,CONCLUIDA
655,1,126,2026-03-31 13:10:00,71.9,0.0,PIX,CONCLUIDA
656,3,102,2026-06-24 11:05:00,103.9,0.0,CARTAO_DEBITO,CONCLUIDA
657,11,196,2024-03-10 11:27:00,52.0,0.0,CARTAO_DEBITO,CONCLUIDA
658,2,82,2025-07-07 10:21:00,4.9,0.0,PIX,CONCLUIDA
659,5,75,2025-10-23 10:40:00,92.1,0.0,CARTAO_CREDITO,CONCLUIDA
660,4,17,2026-03-30 08:39:00,265.7,0.0,PIX,CONCLUIDA
661,11,31,2026-02-19 18:02:00,419.8,0.0,CARTAO_DEBITO,CONCLUIDA
662,9,192,2026-03-08 17:16:00,1546.7,0.0,CARTAO_CREDITO,CONCLUIDA
663,10,77,2026-02-20 14:45:00,250.2,0.0,PIX,CONCLUIDA
664,4,103,2026-03-28 11:15:00,55.0,0.0,CARTAO_CREDITO,CONCLUIDA
665,4,196,2025-01-18 18:19:00,62.9,0.0,CARTAO_CREDITO,CONCLUIDA
666,14,,2025-10-10 11:21:00,87.8,0.0,CARTAO_DEBITO,CONCLUIDA
667,1,146,2024-10-06 19:43:00,76.9,0.0,CARTAO_DEBITO,CONCLUIDA
668,4,190,2026-03-06 13:39:00,119.6,16.29,PIX,CONCLUIDA
669,12,92,2025-09-15 11:19:00,538.7,0.0,PIX,CONCLUIDA
670,9,,2026-01-28 09:34:00,263.8,0.0,PIX,CONCLUIDA
671,1,,2024-04-09 20:02:00,45.7,0.0,DINHEIRO,CONCLUIDA
672,14,47,2025-07-10 15:42:00,75.5,0.0,CARTAO_DEBITO,CONCLUIDA
673,9,,2026-06-29 20:50:00,28.4,0.0,DINHEIRO,CONCLUIDA
674,3,134,2024-01-25 15:20:00,61.8,0.0,PIX,CONCLUIDA
675,4,195,2025-11-06 09:21:00,21.0,1.85,CARTAO_DEBITO,CONCLUIDA
676,4,173,2026-01-08 13:23:00,204.8,0.0,PIX,CONCLUIDA
677,13,171,2026-06-01 16:57:00,147.3,0.0,DINHEIRO,CONCLUIDA
678,1,189,2026-06-10 17:04:00,514.9,0.0,CARTAO_CREDITO,CONCLUIDA
679,2,21,2025-08-15 08:27:00,35.0,0.0,PIX,CONCLUIDA
680,2,,2025-05-22 17:45:00,27.9,0.0,CARTAO_CREDITO,CONCLUIDA
681,15,139,2025-10-04 19:07:00,53.8,0.0,PIX,CONCLUIDA
682,5,,2026-01-27 16:40:00,65.8,0.0,CARTAO_CREDITO,CONCLUIDA
683,10,17,2025-07-30 17:48:00,194.9,0.0,PIX,CONCLUIDA
684,9,,2026-06-13 17:43:00,538.7,0.0,CONVENIO,CONCLUIDA
685,7,191,2026-04-26 10:02:00,679.6,0.0,CARTAO_DEBITO,CONCLUIDA
686,13,37,2025-01-29 14:01:00,199.5,0.0,PIX,CONCLUIDA
687,14,5,2025-09-14 12:21:00,185.6,0.0,CARTAO_CREDITO,CONCLUIDA
688,9,112,2024-06-12 15:42:00,542.8,0.0,DINHEIRO,CONCLUIDA
689,9,110,2025-09-05 10:33:00,275.7,0.0,CARTAO_CREDITO,CONCLUIDA
690,3,,2026-02-28 20:17:00,422.3,0.0,CARTAO_DEBITO,CONCLUIDA
691,13,157,2025-11-04 15:36:00,35.8,0.0,CARTAO_CREDITO,CONCLUIDA
692,4,119,2026-01-15 12:04:00,98.2,0.0,CARTAO_CREDITO,CONCLUIDA
693,11,38,2024-11-23 15:20:00,75.0,0.0,CARTAO_DEBITO,CONCLUIDA
694,8,97,2025-07-05 12:16:00,16.9,0.0,CARTAO_CREDITO,CONCLUIDA
695,7,,2026-05-16 14:35:00,360.7,0.0,CARTAO_CREDITO,CONCLUIDA
696,3,83,2024-05-06 08:55:00,187.9,17.55,CARTAO_CREDITO,CONCLUIDA
697,2,195,2025-11-21 13:36:00,17.9,0.0,PIX,CONCLUIDA
698,1,39,2025-09-21 19:15:00,160.4,14.44,DINHEIRO,CONCLUIDA
699,5,178,2025-08-14 21:13:00,15.9,1.88,CARTAO_CREDITO,CANCELADA
700,9,123,2025-10-20 20:14:00,653.1,0.0,PIX,CONCLUIDA
701,9,151,2025-10-25 17:31:00,76.3,0.0,DINHEIRO,CONCLUIDA
702,3,100,2025-10-11 20:38:00,15.9,0.0,CARTAO_CREDITO,CONCLUIDA
703,6,,2026-02-27 14:13:00,125.8,0.0,CARTAO_CREDITO,CONCLUIDA
704,9,177,2026-06-26 17:52:00,37.1,4.93,CARTAO_CREDITO,CONCLUIDA
705,2,,2025-12-14 15:25:00,9.5,0.0,CARTAO_DEBITO,CONCLUIDA
706,9,,2025-08-23 08:54:00,21.0,0.0,DINHEIRO,CONCLUIDA
707,4,41,2026-01-04 11:41:00,85.8,0.0,CARTAO_CREDITO,CONCLUIDA
708,2,117,2026-06-27 20:58:00,462.6,0.0,CARTAO_CREDITO,CONCLUIDA
709,1,17,2024-06-05 11:04:00,55.1,0.0,CARTAO_CREDITO,CANCELADA
710,13,198,2025-12-27 12:46:00,86.9,0.0,CARTAO_CREDITO,CONCLUIDA
711,11,180,2025-10-26 19:54:00,32.9,0.0,PIX,CONCLUIDA
712,2,96,2025-07-07 10:20:00,4.9,0.0,PIX,CONCLUIDA
713,10,173,2025-05-21 18:34:00,339.5,0.0,CARTAO_CREDITO,CONCLUIDA
714,15,88,2025-09-19 21:51:00,186.0,0.0,CARTAO_DEBITO,CONCLUIDA
715,10,86,2025-12-13 19:53:00,86.1,0.0,PIX,CONCLUIDA
716,9,,2026-05-25 15:09:00,121.1,0.0,PIX,CONCLUIDA
717,2,49,2025-07-15 12:07:00,99.9,0.0,CARTAO_CREDITO,CANCELADA
718,9,96,2026-02-04 17:37:00,68.9,0.0,PIX,CONCLUIDA
719,7,193,2025-08-19 14:44:00,130.7,9.74,CARTAO_DEBITO,CONCLUIDA
720,9,98,2024-09-04 17:30:00,194.9,0.0,DINHEIRO,CANCELADA
721,2,,2025-06-02 15:04:00,463.8,0.0,CARTAO_DEBITO,CONCLUIDA
722,7,,2025-09-21 08:18:00,67.1,8.56,CARTAO_DEBITO,CONCLUIDA
723,13,12,2025-10-22 13:55:00,121.5,0.0,CARTAO_DEBITO,CONCLUIDA
724,6,179,2026-06-27 16:57:00,79.1,0.0,CARTAO_DEBITO,CONCLUIDA
725,1,171,2026-01-21 16:58:00,119.1,0.0,CARTAO_CREDITO,CONCLUIDA
726,7,,2025-08-19 14:07:00,19.5,0.0,CARTAO_DEBITO,CONCLUIDA
727,4,4,2026-06-05 12:37:00,33.8,0.0,CARTAO_DEBITO,CONCLUIDA
728,2,123,2025-08-19 10:24:00,88.9,0.0,CARTAO_DEBITO,CONCLUIDA
729,7,,2025-09-22 11:40:00,93.2,0.0,PIX,CONCLUIDA
730,2,96,2026-05-06 21:55:00,75.5,0.0,CARTAO_CREDITO,CONCLUIDA
731,9,199,2026-05-24 08:23:00,118.9,0.0,CARTAO_CREDITO,CONCLUIDA
732,4,,2026-01-13 20:55:00,243.7,0.0,PIX,CONCLUIDA
733,9,162,2025-11-15 21:18:00,379.8,0.0,CARTAO_DEBITO,CONCLUIDA
734,3,,2026-01-26 12:16:00,259.1,0.0,CARTAO_DEBITO,CONCLUIDA
735,7,31,2026-06-16 12:40:00,291.6,0.0,CARTAO_CREDITO,CONCLUIDA
736,10,,2025-12-21 10:16:00,57.0,0.0,CARTAO_DEBITO,CANCELADA
737,2,,2025-04-10 16:37:00,46.8,0.0,PIX,CONCLUIDA
738,1,81,2025-09-30 09:23:00,217.6,25.25,PIX,CONCLUIDA
739,1,,2024-10-18 14:15:00,96.4,10.45,CARTAO_CREDITO,CONCLUIDA
740,2,,2026-04-03 17:01:00,85.0,0.0,CONVENIO,CONCLUIDA
741,5,157,2025-09-26 11:17:00,84.5,0.0,DINHEIRO,CONCLUIDA
742,6,21,2026-02-12 15:09:00,41.7,0.0,PIX,CONCLUIDA
743,10,83,2026-03-16 17:24:00,91.3,0.0,PIX,CONCLUIDA
744,10,81,2025-11-17 11:45:00,629.7,0.0,CARTAO_CREDITO,CONCLUIDA
745,9,183,2025-02-02 17:22:00,55.8,0.0,CARTAO_CREDITO,CONCLUIDA
746,3,94,2024-09-23 15:10:00,144.8,0.0,CARTAO_CREDITO,CONCLUIDA
747,10,21,2025-11-07 15:09:00,71.5,8.26,CARTAO_CREDITO,CONCLUIDA
748,14,,2026-04-06 15:27:00,10.2,1.3,PIX,CONCLUIDA
749,10,200,2026-01-04 19:11:00,291.9,18.53,CARTAO_CREDITO,CONCLUIDA
750,2,156,2025-08-10 20:17:00,70.4,10.44,CARTAO_CREDITO,CONCLUIDA
751,3,126,2025-02-08 16:34:00,432.4,0.0,PIX,CONCLUIDA
752,2,95,2024-04-28 17:57:00,52.8,4.94,CARTAO_CREDITO,CONCLUIDA
753,2,,2026-02-06 10:41:00,65.4,0.0,PIX,CONCLUIDA
754,10,53,2026-01-28 08:15:00,344.4,27.34,PIX,CONCLUIDA
755,9,123,2025-12-16 11:19:00,39.8,0.0,PIX,CONCLUIDA
756,1,134,2026-02-14 14:21:00,227.7,0.0,PIX,CONCLUIDA
757,10,132,2026-04-06 19:47:00,34.4,0.0,CARTAO_DEBITO,CONCLUIDA
758,6,69,2025-10-08 09:39:00,91.7,0.0,CARTAO_CREDITO,CONCLUIDA
759,10,,2026-04-16 12:58:00,144.0,0.0,CARTAO_CREDITO,CONCLUIDA
760,4,96,2024-09-21 17:35:00,608.8,0.0,CARTAO_DEBITO,CONCLUIDA
761,3,,2025-11-16 13:32:00,523.7,0.0,CARTAO_CREDITO,CONCLUIDA
762,1,93,2026-01-20 14:36:00,20.9,0.0,CARTAO_CREDITO,CONCLUIDA
763,10,,2026-01-23 21:27:00,203.7,0.0,CARTAO_CREDITO,CONCLUIDA
764,7,,2026-01-23 14:54:00,22.5,0.0,CARTAO_CREDITO,CONCLUIDA
765,12,22,2024-01-09 10:34:00,271.3,0.0,CARTAO_CREDITO,CONCLUIDA
766,4,11,2025-12-05 13:06:00,48.5,0.0,DINHEIRO,CONCLUIDA
767,15,152,2026-03-26 09:53:00,149.9,0.0,CARTAO_DEBITO,CONCLUIDA
768,10,156,2025-11-22 08:25:00,866.1,0.0,PIX,CONCLUIDA
769,14,80,2024-08-03 11:29:00,24.5,0.0,DINHEIRO,CONCLUIDA
770,15,186,2025-12-17 19:20:00,122.8,0.0,CARTAO_DEBITO,CONCLUIDA
771,10,,2025-01-07 10:25:00,79.8,0.0,CARTAO_CREDITO,CONCLUIDA
772,11,102,2026-06-02 13:28:00,8.5,0.0,DINHEIRO,CONCLUIDA
773,12,43,2025-03-01 09:31:00,39.6,0.0,PIX,CONCLUIDA
774,14,,2025-03-03 08:49:00,154.8,0.0,DINHEIRO,CONCLUIDA
775,2,175,2026-01-24 19:32:00,62.3,0.0,CARTAO_CREDITO,CONCLUIDA
776,10,138,2025-04-12 08:18:00,230.3,0.0,CARTAO_CREDITO,CONCLUIDA
777,9,,2024-08-16 15:16:00,77.0,0.0,CARTAO_CREDITO,CONCLUIDA
778,3,13,2026-04-01 20:17:00,143.0,0.0,CARTAO_DEBITO,CONCLUIDA
779,10,,2025-02-02 16:46:00,20.7,0.0,CARTAO_CREDITO,CONCLUIDA
780,1,192,2024-06-22 18:18:00,29.5,0.0,CARTAO_DEBITO,CONCLUIDA
781,15,164,2025-09-17 21:07:00,30.9,0.0,PIX,CONCLUIDA
782,3,196,2025-08-31 16:49:00,65.4,0.0,PIX,CONCLUIDA
783,1,49,2025-11-05 19:01:00,43.1,0.0,PIX,CONCLUIDA
784,2,,2024-12-25 08:21:00,136.6,0.0,PIX,CONCLUIDA
785,9,191,2026-06-01 20:31:00,225.8,0.0,CARTAO_DEBITO,CANCELADA
786,4,,2025-10-26 13:26:00,297.8,40.0,PIX,CONCLUIDA
787,9,35,2026-04-09 16:46:00,79.8,0.0,PIX,CONCLUIDA
788,8,10,2024-02-26 12:42:00,31.8,0.0,CONVENIO,CONCLUIDA
789,12,,2025-01-07 09:31:00,13.2,0.0,CARTAO_CREDITO,CONCLUIDA
790,1,135,2026-05-22 09:23:00,436.2,0.0,DINHEIRO,CONCLUIDA
791,1,148,2025-07-13 12:58:00,153.8,21.82,CARTAO_DEBITO,CONCLUIDA
792,9,14,2025-08-17 17:00:00,272.8,0.0,DINHEIRO,CONCLUIDA
793,13,86,2026-05-28 17:44:00,433.0,0.0,PIX,CONCLUIDA
794,12,105,2026-03-24 12:36:00,96.6,0.0,PIX,CONCLUIDA
795,3,152,2026-04-22 12:17:00,114.0,0.0,CARTAO_CREDITO,CONCLUIDA
796,11,172,2026-06-29 08:14:00,255.4,18.14,CONVENIO,CONCLUIDA
797,10,88,2025-09-11 10:46:00,35.9,0.0,CARTAO_DEBITO,CONCLUIDA
798,9,52,2024-05-29 11:24:00,79.8,0.0,CARTAO_CREDITO,CONCLUIDA
799,6,106,2025-11-24 10:18:00,230.9,0.0,CARTAO_CREDITO,CONCLUIDA
800,9,177,2026-05-09 15:24:00,66.3,0.0,CARTAO_CREDITO,CONCLUIDA
801,14,38,2026-01-05 16:16:00,28.4,0.0,CARTAO_DEBITO,CANCELADA
802,9,,2025-11-21 12:51:00,193.9,13.45,CARTAO_CREDITO,CONCLUIDA
803,3,65,2024-10-05 17:12:00,109.8,9.18,CARTAO_DEBITO,CONCLUIDA
804,3,59,2026-04-13 08:44:00,51.0,0.0,DINHEIRO,CONCLUIDA
805,10,141,2025-09-07 11:47:00,59.8,0.0,CARTAO_CREDITO,CONCLUIDA
806,9,54,2025-10-29 17:07:00,839.8,0.0,DINHEIRO,CONCLUIDA
807,7,43,2025-12-13 19:00:00,62.5,0.0,PIX,CONCLUIDA
808,9,179,2025-12-29 20:28:00,119.4,0.0,CARTAO_DEBITO,CONCLUIDA
809,2,,2025-07-23 19:11:00,29.9,2.84,CARTAO_CREDITO,CONCLUIDA
810,1,186,2026-05-17 20:56:00,83.2,0.0,PIX,CONCLUIDA
811,2,,2025-08-12 20:10:00,62.9,0.0,CARTAO_CREDITO,CONCLUIDA
812,10,174,2026-04-28 17:21:00,419.9,0.0,PIX,CONCLUIDA
813,2,,2025-12-08 12:38:00,110.5,11.95,CARTAO_CREDITO,CONCLUIDA
814,2,189,2026-05-27 09:35:00,119.3,0.0,CARTAO_CREDITO,CONCLUIDA
815,12,142,2026-03-25 16:05:00,67.6,6.7,CARTAO_CREDITO,CONCLUIDA
816,2,179,2025-06-14 10:39:00,80.3,0.0,CARTAO_CREDITO,CONCLUIDA
817,12,196,2025-07-13 20:42:00,295.2,0.0,CARTAO_DEBITO,CONCLUIDA
818,1,138,2024-02-28 20:40:00,58.7,0.0,PIX,CONCLUIDA
819,3,41,2025-09-13 17:42:00,33.2,0.0,CARTAO_DEBITO,CONCLUIDA
820,8,81,2025-07-20 16:27:00,17.5,0.0,CARTAO_CREDITO,CONCLUIDA
821,4,93,2024-10-08 16:09:00,50.4,0.0,CARTAO_CREDITO,CONCLUIDA
822,9,44,2025-01-19 19:02:00,209.9,0.0,CARTAO_DEBITO,CONCLUIDA
823,12,159,2025-07-08 20:39:00,164.7,0.0,PIX,CONCLUIDA
824,8,161,2026-05-27 18:11:00,62.9,0.0,CARTAO_DEBITO,CONCLUIDA
825,5,173,2026-06-21 14:39:00,137.7,0.0,CARTAO_DEBITO,CONCLUIDA
826,10,,2025-08-22 12:49:00,151.5,0.0,CARTAO_CREDITO,CONCLUIDA
827,10,11,2025-10-25 19:43:00,224.7,0.0,CARTAO_CREDITO,CONCLUIDA
828,7,72,2025-06-09 17:52:00,155.1,0.0,CARTAO_DEBITO,CONCLUIDA
829,2,179,2026-06-17 13:02:00,129.8,0.0,CARTAO_CREDITO,CONCLUIDA
830,2,151,2026-06-27 09:25:00,198.5,0.0,PIX,CONCLUIDA
831,1,,2025-08-15 18:43:00,76.9,0.0,CARTAO_CREDITO,CONCLUIDA
832,5,20,2026-02-07 17:48:00,273.6,0.0,CARTAO_DEBITO,CONCLUIDA
833,13,48,2025-07-13 20:01:00,16.2,0.0,CARTAO_DEBITO,CONCLUIDA
834,14,97,2026-05-22 19:31:00,142.5,0.0,CARTAO_CREDITO,CONCLUIDA
835,12,101,2025-12-24 10:56:00,99.8,0.0,DINHEIRO,CONCLUIDA
836,9,75,2026-01-19 16:30:00,67.6,0.0,CARTAO_CREDITO,CONCLUIDA
837,10,,2025-06-01 10:04:00,118.9,17.05,CARTAO_CREDITO,CONCLUIDA
838,12,134,2025-07-21 21:23:00,314.3,0.0,CARTAO_DEBITO,CONCLUIDA
839,1,110,2024-01-19 08:12:00,12.5,0.0,PIX,CONCLUIDA
840,11,99,2026-02-18 09:20:00,9.8,0.0,PIX,CONCLUIDA
841,1,141,2026-04-18 09:31:00,83.5,0.0,CARTAO_DEBITO,CONCLUIDA
842,2,142,2026-03-27 15:49:00,34.4,0.0,CARTAO_CREDITO,CONCLUIDA
843,8,55,2026-01-07 17:46:00,35.9,0.0,DINHEIRO,CONCLUIDA
844,1,145,2025-08-02 20:18:00,26.4,0.0,CARTAO_CREDITO,CONCLUIDA
845,10,154,2025-09-30 18:26:00,155.9,0.0,PIX,CONCLUIDA
846,9,117,2026-03-24 12:09:00,78.4,0.0,CARTAO_DEBITO,CONCLUIDA
847,13,50,2026-06-30 11:06:00,132.8,0.0,CARTAO_CREDITO,CONCLUIDA
848,9,143,2026-01-19 18:07:00,49.4,0.0,CARTAO_CREDITO,CONCLUIDA
849,2,84,2025-09-08 13:41:00,190.5,0.0,CARTAO_CREDITO,CONCLUIDA
850,9,,2026-04-28 20:22:00,42.5,0.0,CARTAO_DEBITO,CONCLUIDA
851,4,56,2026-03-03 20:27:00,130.8,0.0,DINHEIRO,CONCLUIDA
852,10,39,2025-12-06 21:32:00,63.8,0.0,CARTAO_CREDITO,CONCLUIDA
853,15,196,2025-10-11 09:05:00,374.2,0.0,CARTAO_DEBITO,CONCLUIDA
854,9,189,2026-02-17 14:49:00,42.7,3.71,CARTAO_CREDITO,CONCLUIDA
855,3,,2026-05-02 12:25:00,500.5,0.0,CARTAO_CREDITO,CANCELADA
856,10,126,2026-04-25 15:59:00,20.9,0.0,CARTAO_CREDITO,CONCLUIDA
857,10,135,2024-09-26 09:12:00,128.6,0.0,CARTAO_CREDITO,CONCLUIDA
858,4,,2026-04-04 09:29:00,109.9,0.0,DINHEIRO,CONCLUIDA
859,8,34,2026-04-05 17:22:00,194.9,0.0,CARTAO_CREDITO,CONCLUIDA
860,3,44,2024-11-26 08:09:00,59.4,4.61,PIX,CONCLUIDA
861,3,65,2025-02-11 15:34:00,299.8,0.0,DINHEIRO,CONCLUIDA
862,13,42,2026-06-18 15:57:00,89.8,0.0,PIX,CONCLUIDA
863,9,126,2025-12-04 17:28:00,45.1,0.0,CARTAO_CREDITO,CONCLUIDA
864,15,87,2026-02-15 19:01:00,130.3,0.0,CARTAO_CREDITO,CONCLUIDA
865,14,104,2025-09-13 21:50:00,103.8,0.0,DINHEIRO,CONCLUIDA
866,2,,2025-11-06 13:00:00,257.8,0.0,PIX,CONCLUIDA
867,9,,2026-04-18 10:20:00,670.2,0.0,CARTAO_DEBITO,CONCLUIDA
868,12,155,2024-08-23 18:53:00,352.3,0.0,CARTAO_DEBITO,CONCLUIDA
869,6,118,2026-02-08 08:44:00,4.9,0.0,CARTAO_DEBITO,CONCLUIDA
870,7,169,2026-05-11 15:17:00,20.4,0.0,CARTAO_CREDITO,CONCLUIDA
871,9,139,2026-05-15 17:58:00,47.1,0.0,CARTAO_CREDITO,CONCLUIDA
872,10,175,2026-01-20 18:11:00,174.3,0.0,CARTAO_DEBITO,CONCLUIDA
873,10,117,2025-07-15 18:07:00,321.1,0.0,CARTAO_CREDITO,CONCLUIDA
874,11,164,2025-09-06 18:34:00,113.8,0.0,PIX,CONCLUIDA
875,3,84,2025-12-19 19:59:00,381.1,0.0,CARTAO_CREDITO,CONCLUIDA
876,1,,2024-04-18 16:45:00,23.7,0.0,CARTAO_CREDITO,CONCLUIDA
877,9,198,2026-04-24 12:14:00,95.0,0.0,DINHEIRO,CONCLUIDA
878,1,,2025-09-05 15:10:00,200.8,0.0,DINHEIRO,CONCLUIDA
879,3,117,2025-12-14 11:06:00,43.0,0.0,CARTAO_CREDITO,CONCLUIDA
880,8,110,2025-12-09 08:01:00,17.2,0.0,CONVENIO,CONCLUIDA
881,14,10,2024-06-30 15:24:00,579.0,0.0,CARTAO_DEBITO,CONCLUIDA
882,8,197,2025-09-21 10:59:00,85.8,0.0,CARTAO_CREDITO,CONCLUIDA
883,9,43,2026-06-26 13:32:00,162.6,0.0,CARTAO_CREDITO,CONCLUIDA
884,11,129,2026-05-10 09:05:00,203.7,0.0,PIX,CONCLUIDA
885,10,59,2025-10-26 09:15:00,384.9,0.0,DINHEIRO,CONCLUIDA
886,10,73,2026-03-23 16:39:00,48.5,0.0,CARTAO_CREDITO,CONCLUIDA
887,6,113,2024-10-26 18:26:00,125.8,0.0,DINHEIRO,CONCLUIDA
888,13,18,2025-09-26 19:34:00,33.8,2.37,PIX,CONCLUIDA
889,11,79,2024-03-01 14:47:00,34.5,0.0,DINHEIRO,CONCLUIDA
890,9,137,2026-02-26 14:33:00,101.6,0.0,PIX,CONCLUIDA
891,7,147,2024-11-29 10:39:00,254.9,0.0,DINHEIRO,CONCLUIDA
892,14,45,2026-06-16 11:12:00,65.3,0.0,CARTAO_CREDITO,CONCLUIDA
893,10,,2026-01-20 14:51:00,206.6,0.0,CARTAO_CREDITO,CONCLUIDA
894,9,,2026-04-10 12:17:00,180.3,0.0,CARTAO_CREDITO,CONCLUIDA
895,9,65,2026-03-12 17:45:00,194.9,0.0,PIX,CONCLUIDA
896,1,113,2025-07-28 13:15:00,99.0,0.0,CARTAO_DEBITO,CONCLUIDA
897,2,,2025-06-15 11:08:00,233.2,0.0,DINHEIRO,CONCLUIDA
898,12,142,2026-06-16 15:33:00,115.8,0.0,CARTAO_DEBITO,CONCLUIDA
899,13,197,2025-07-08 12:19:00,214.4,0.0,CARTAO_CREDITO,CONCLUIDA
900,2,24,2025-09-14 18:36:00,189.5,25.08,CARTAO_CREDITO,CONCLUIDA
901,9,,2026-06-16 17:31:00,179.2,0.0,DINHEIRO,CONCLUIDA
902,1,191,2024-04-28 09:24:00,26.9,0.0,CARTAO_CREDITO,CONCLUIDA
903,2,191,2026-02-17 15:59:00,187.8,0.0,CARTAO_CREDITO,CONCLUIDA
904,11,27,2025-11-21 10:06:00,71.9,0.0,DINHEIRO,CONCLUIDA
905,1,35,2025-11-23 14:08:00,215.7,0.0,DINHEIRO,CONCLUIDA
906,10,171,2025-12-23 10:49:00,53.0,0.0,CARTAO_DEBITO,CONCLUIDA
907,14,139,2025-12-04 20:59:00,200.0,0.0,DINHEIRO,CONCLUIDA
908,2,127,2025-09-23 17:39:00,85.4,0.0,DINHEIRO,CONCLUIDA
909,9,,2025-11-10 21:10:00,35.0,0.0,PIX,CONCLUIDA
910,14,197,2025-01-12 14:57:00,100.9,0.0,PIX,CONCLUIDA
911,11,,2025-08-23 10:53:00,44.8,0.0,PIX,CONCLUIDA
912,2,189,2025-07-21 11:06:00,32.9,0.0,CARTAO_CREDITO,CONCLUIDA
913,1,187,2025-04-03 09:09:00,359.6,43.61,CARTAO_DEBITO,CONCLUIDA
914,15,,2026-03-28 12:31:00,51.0,0.0,CARTAO_CREDITO,CONCLUIDA
915,4,110,2026-03-11 08:13:00,30.6,0.0,DINHEIRO,CONCLUIDA
916,9,113,2026-05-08 14:56:00,117.7,0.0,CARTAO_CREDITO,CONCLUIDA
917,15,109,2025-12-16 18:37:00,35.9,0.0,DINHEIRO,CONCLUIDA
918,2,6,2024-09-25 17:15:00,444.4,49.35,CARTAO_DEBITO,CONCLUIDA
919,11,154,2025-02-08 20:38:00,17.4,0.0,CARTAO_DEBITO,CONCLUIDA
920,4,75,2026-01-11 09:09:00,17.5,0.0,CARTAO_CREDITO,CONCLUIDA
921,11,112,2026-06-17 16:42:00,107.7,0.0,CARTAO_DEBITO,CANCELADA
922,10,,2026-02-05 21:42:00,17.5,0.0,DINHEIRO,CONCLUIDA
923,2,15,2025-11-07 18:42:00,139.3,0.0,DINHEIRO,CONCLUIDA
924,9,200,2025-09-13 09:05:00,1231.9,0.0,CONVENIO,CONCLUIDA
925,10,92,2025-10-27 17:28:00,66.3,0.0,CONVENIO,CONCLUIDA
926,7,24,2024-07-03 21:12:00,76.9,0.0,CARTAO_CREDITO,CONCLUIDA
927,2,,2025-08-27 12:50:00,342.8,0.0,CARTAO_CREDITO,CONCLUIDA
928,9,12,2025-10-25 19:07:00,85.9,0.0,CARTAO_CREDITO,CONCLUIDA
929,9,,2025-10-22 13:46:00,172.5,0.0,CARTAO_CREDITO,CONCLUIDA
930,9,164,2026-05-05 14:44:00,100.3,9.56,CARTAO_DEBITO,CONCLUIDA
931,1,144,2026-01-13 10:10:00,54.0,7.93,CONVENIO,CONCLUIDA
932,10,103,2026-03-13 11:39:00,231.6,0.0,DINHEIRO,CONCLUIDA
933,9,160,2024-04-01 12:04:00,228.3,0.0,CARTAO_CREDITO,CONCLUIDA
934,10,,2025-11-04 08:58:00,193.6,12.89,CARTAO_CREDITO,CONCLUIDA
935,3,38,2026-05-11 09:27:00,27.5,0.0,CARTAO_CREDITO,CONCLUIDA
936,5,,2026-03-04 19:04:00,15.9,0.0,PIX,CONCLUIDA
937,1,187,2026-01-21 15:53:00,24.5,0.0,CARTAO_DEBITO,CONCLUIDA
938,1,84,2025-02-07 18:24:00,454.4,0.0,PIX,CONCLUIDA
939,4,146,2025-08-15 13:21:00,161.6,0.0,CARTAO_DEBITO,CONCLUIDA
940,4,21,2025-07-31 11:53:00,116.8,0.0,CARTAO_DEBITO,CONCLUIDA
941,3,15,2025-07-03 08:01:00,291.4,0.0,CARTAO_DEBITO,CONCLUIDA
942,9,190,2025-09-20 14:27:00,27.9,3.6,CARTAO_CREDITO,CONCLUIDA
943,6,194,2026-04-01 08:36:00,240.9,0.0,CARTAO_CREDITO,CONCLUIDA
944,9,87,2024-02-25 09:25:00,87.0,0.0,CARTAO_DEBITO,CONCLUIDA
945,12,39,2026-02-16 14:56:00,279.7,0.0,CARTAO_CREDITO,CONCLUIDA
946,10,96,2026-05-22 16:52:00,86.5,0.0,CONVENIO,CONCLUIDA
947,1,102,2026-03-10 16:08:00,41.5,0.0,CARTAO_CREDITO,CANCELADA
948,10,184,2025-11-11 21:10:00,74.9,0.0,CARTAO_DEBITO,CONCLUIDA
949,10,59,2026-06-21 17:46:00,371.2,0.0,CARTAO_CREDITO,CONCLUIDA
950,2,172,2025-10-27 16:20:00,77.5,0.0,PIX,CONCLUIDA
951,3,190,2025-10-08 21:56:00,27.5,0.0,DINHEIRO,CONCLUIDA
952,10,189,2025-05-18 18:39:00,346.3,0.0,PIX,CONCLUIDA
953,9,19,2024-12-28 19:00:00,10.2,0.0,CARTAO_DEBITO,CONCLUIDA
954,1,163,2026-01-13 17:50:00,27.9,0.0,CONVENIO,CONCLUIDA
955,2,,2024-01-13 08:54:00,153.9,0.0,PIX,CONCLUIDA
956,11,45,2025-11-07 18:23:00,864.8,0.0,CARTAO_CREDITO,CONCLUIDA
957,9,142,2026-05-24 18:41:00,268.3,0.0,PIX,CONCLUIDA
958,10,,2026-02-02 17:33:00,27.9,0.0,CARTAO_DEBITO,CONCLUIDA
959,10,,2026-02-15 18:08:00,65.8,0.0,CARTAO_CREDITO,CONCLUIDA
960,15,45,2025-10-12 21:35:00,35.1,0.0,CARTAO_DEBITO,CONCLUIDA
961,15,128,2025-09-18 17:13:00,53.3,0.0,CONVENIO,CONCLUIDA
962,1,48,2025-07-01 08:04:00,84.9,0.0,CARTAO_DEBITO,CONCLUIDA
963,9,174,2026-01-13 09:00:00,178.7,0.0,CARTAO_DEBITO,CONCLUIDA
964,14,165,2025-08-26 16:48:00,70.1,0.0,DINHEIRO,CONCLUIDA
965,9,,2024-02-05 08:12:00,502.5,0.0,PIX,CONCLUIDA
966,13,111,2025-11-15 14:27:00,143.8,0.0,CARTAO_CREDITO,CONCLUIDA
967,1,,2024-08-18 12:00:00,193.6,0.0,PIX,CONCLUIDA
968,7,4,2026-04-13 20:12:00,152.8,0.0,CARTAO_CREDITO,CONCLUIDA
969,2,4,2026-04-02 14:35:00,365.8,0.0,CARTAO_DEBITO,CONCLUIDA
970,11,97,2026-04-30 11:08:00,55.8,0.0,DINHEIRO,CONCLUIDA
971,12,148,2025-10-03 14:00:00,17.8,0.0,CARTAO_CREDITO,CONCLUIDA
972,14,,2025-01-04 13:32:00,347.6,0.0,CARTAO_CREDITO,CONCLUIDA
973,2,183,2025-09-08 14:17:00,17.2,0.0,CARTAO_CREDITO,CONCLUIDA
974,11,,2024-09-27 19:46:00,304.5,0.0,CARTAO_CREDITO,CANCELADA
975,9,94,2025-06-30 19:36:00,181.4,0.0,DINHEIRO,CONCLUIDA
976,2,121,2025-05-30 10:58:00,7.9,0.81,CARTAO_DEBITO,CONCLUIDA
977,11,177,2026-02-16 11:05:00,143.6,0.0,DINHEIRO,CONCLUIDA
978,1,144,2026-02-10 08:05:00,27.6,0.0,DINHEIRO,CONCLUIDA
979,1,21,2024-02-14 19:23:00,83.8,0.0,CARTAO_CREDITO,CONCLUIDA
980,1,,2026-06-23 21:41:00,274.4,0.0,DINHEIRO,CONCLUIDA
981,8,143,2026-01-27 13:08:00,419.8,0.0,CARTAO_DEBITO,CONCLUIDA
982,14,132,2025-04-30 11:51:00,71.4,0.0,CARTAO_CREDITO,CONCLUIDA
983,9,176,2026-02-24 12:13:00,147.8,0.0,CONVENIO,CONCLUIDA
984,8,70,2025-03-21 08:47:00,53.9,0.0,CARTAO_CREDITO,CONCLUIDA
985,3,50,2025-09-28 13:51:00,210.5,0.0,CARTAO_CREDITO,CONCLUIDA
986,4,91,2026-01-19 10:13:00,128.7,14.53,CARTAO_DEBITO,CONCLUIDA
987,1,,2025-10-27 09:05:00,144.6,11.98,CONVENIO,CONCLUIDA
988,14,14,2024-06-30 10:40:00,255.1,17.27,DINHEIRO,CANCELADA
989,1,113,2026-03-14 20:57:00,103.4,0.0,CARTAO_DEBITO,CONCLUIDA
990,14,,2026-05-31 18:43:00,158.8,0.0,CARTAO_DEBITO,CONCLUIDA
991,6,34,2026-04-07 08:59:00,113.9,0.0,CARTAO_CREDITO,CONCLUIDA
992,9,78,2024-01-13 11:44:00,7.9,0.0,PIX,CONCLUIDA
993,6,179,2024-10-18 09:04:00,126.6,0.0,CARTAO_DEBITO,CONCLUIDA
994,14,195,2025-01-17 18:36:00,43.9,6.43,CARTAO_CREDITO,CONCLUIDA
995,9,102,2026-04-06 08:04:00,125.6,0.0,CARTAO_DEBITO,CONCLUIDA
996,2,,2025-10-07 17:54:00,43.1,0.0,CARTAO_CREDITO,CONCLUIDA
997,12,3,2026-05-20 13:53:00,326.3,0.0,DINHEIRO,CONCLUIDA
998,8,16,2025-11-08 17:44:00,7.2,0.0,PIX,CONCLUIDA
999,10,11,2025-03-07 21:43:00,27.9,0.0,DINHEIRO,CONCLUIDA
1000,1,,2026-01-12 14:28:00,8.9,0.0,CARTAO_CREDITO,CONCLUIDA
1001,14,194,2025-07-30 16:50:00,92.7,0.0,CONVENIO,CONCLUIDA
1002,5,62,2025-09-29 20:00:00,35.9,0.0,PIX,CONCLUIDA
1003,15,,2024-05-09 08:58:00,69.8,0.0,CARTAO_CREDITO,CONCLUIDA
1004,1,180,2024-04-11 18:50:00,145.7,0.0,CARTAO_DEBITO,CONCLUIDA
1005,9,198,2026-02-08 11:34:00,173.4,0.0,CARTAO_CREDITO,CONCLUIDA
1006,9,133,2025-07-25 20:49:00,839.8,0.0,CARTAO_CREDITO,CONCLUIDA
1007,1,,2024-06-07 16:58:00,637.9,0.0,CARTAO_DEBITO,CONCLUIDA
1008,1,55,2025-07-03 10:40:00,131.7,0.0,PIX,CONCLUIDA
1009,1,93,2026-06-28 11:44:00,10.5,0.0,DINHEIRO,CONCLUIDA
1010,3,39,2025-09-05 10:45:00,155.7,19.88,CARTAO_CREDITO,CONCLUIDA
1011,1,13,2026-01-18 11:00:00,117.1,12.15,CARTAO_DEBITO,CONCLUIDA
1012,1,42,2024-04-01 14:43:00,403.6,0.0,PIX,CONCLUIDA
1013,8,8,2026-04-03 21:17:00,55.3,0.0,DINHEIRO,CONCLUIDA
1014,7,94,2026-01-04 21:26:00,445.7,0.0,PIX,CONCLUIDA
1015,3,196,2024-11-03 18:02:00,94.7,0.0,CARTAO_CREDITO,CONCLUIDA
1016,1,97,2025-10-05 10:54:00,47.5,0.0,CARTAO_CREDITO,CONCLUIDA
1017,10,190,2026-05-31 16:44:00,117.1,0.0,CARTAO_CREDITO,CONCLUIDA
1018,10,,2025-10-30 19:19:00,51.6,0.0,PIX,CONCLUIDA
1019,15,,2024-07-10 13:42:00,41.7,0.0,DINHEIRO,CONCLUIDA
1020,3,94,2025-06-25 15:25:00,346.5,0.0,DINHEIRO,CONCLUIDA
1021,13,52,2025-10-30 14:23:00,284.7,0.0,CARTAO_DEBITO,CONCLUIDA
1022,8,,2026-05-12 12:32:00,76.9,0.0,DINHEIRO,CONCLUIDA
1023,9,115,2025-10-30 08:29:00,30.9,0.0,PIX,CONCLUIDA
1024,3,74,2026-06-06 12:41:00,41.8,0.0,CARTAO_DEBITO,CONCLUIDA
1025,4,184,2025-04-08 17:26:00,96.5,0.0,CARTAO_CREDITO,CONCLUIDA
1026,4,31,2026-04-07 15:05:00,190.7,0.0,PIX,CONCLUIDA
1027,2,,2026-02-20 12:17:00,68.6,0.0,PIX,CONCLUIDA
1028,1,88,2026-04-20 10:14:00,57.8,0.0,PIX,CONCLUIDA
1029,1,,2024-02-17 20:40:00,882.5,0.0,PIX,CONCLUIDA
1030,1,,2026-06-14 10:46:00,148.9,0.0,DINHEIRO,CONCLUIDA
1031,6,59,2025-12-09 20:07:00,71.9,0.0,PIX,CONCLUIDA
1032,15,,2025-10-09 14:39:00,105.2,0.0,CARTAO_CREDITO,CONCLUIDA
1033,7,33,2025-09-22 13:52:00,91.4,0.0,PIX,CONCLUIDA
1034,2,156,2025-11-24 13:54:00,78.6,0.0,CARTAO_CREDITO,CONCLUIDA
1035,1,118,2025-10-03 14:38:00,112.4,0.0,CARTAO_CREDITO,CONCLUIDA
1036,2,,2025-10-09 10:45:00,960.5,0.0,DINHEIRO,CONCLUIDA
1037,2,40,2025-09-20 19:32:00,98.9,0.0,DINHEIRO,CONCLUIDA
1038,9,40,2025-11-11 18:40:00,41.5,0.0,PIX,CONCLUIDA
1039,9,,2026-05-31 08:57:00,79.1,0.0,CARTAO_CREDITO,CONCLUIDA
1040,3,,2026-06-07 13:14:00,329.8,0.0,PIX,CONCLUIDA
1041,3,147,2025-04-29 18:23:00,15.8,1.29,CARTAO_CREDITO,CONCLUIDA
1042,10,,2025-01-12 09:27:00,49.9,0.0,CONVENIO,CONCLUIDA
1043,6,172,2026-01-08 17:13:00,71.9,0.0,CARTAO_DEBITO,CONCLUIDA
1044,1,41,2024-03-13 17:55:00,32.9,2.31,CARTAO_DEBITO,CONCLUIDA
1045,10,,2025-04-18 16:36:00,224.1,0.0,CARTAO_DEBITO,CONCLUIDA
1046,1,198,2026-02-09 18:24:00,118.9,0.0,CARTAO_DEBITO,CONCLUIDA
1047,7,91,2026-05-22 11:40:00,163.5,0.0,CARTAO_DEBITO,CONCLUIDA
1048,9,60,2025-07-23 10:07:00,51.8,0.0,CARTAO_DEBITO,CONCLUIDA
1049,6,,2026-06-29 08:00:00,362.1,0.0,DINHEIRO,CONCLUIDA
1050,2,,2025-07-17 12:54:00,34.5,0.0,CARTAO_CREDITO,CONCLUIDA
1051,1,70,2026-05-11 10:29:00,41.5,0.0,CARTAO_CREDITO,CONCLUIDA
1052,2,152,2025-07-04 10:23:00,20.9,0.0,CARTAO_CREDITO,CONCLUIDA
1053,3,81,2025-06-21 17:54:00,241.8,0.0,CARTAO_DEBITO,CONCLUIDA
1054,15,75,2024-11-10 19:16:00,203.9,0.0,PIX,CONCLUIDA
1055,14,149,2025-10-23 17:56:00,110.2,0.0,CARTAO_CREDITO,CONCLUIDA
1056,2,129,2026-05-05 19:30:00,419.9,0.0,PIX,CONCLUIDA
1057,14,41,2025-07-04 20:36:00,4.9,0.0,CARTAO_CREDITO,CONCLUIDA
1058,4,,2025-10-06 12:40:00,447.7,0.0,PIX,CONCLUIDA
1059,1,146,2025-12-02 14:59:00,59.1,0.0,DINHEIRO,CONCLUIDA
1060,10,101,2025-06-25 19:38:00,118.9,0.0,CARTAO_CREDITO,CONCLUIDA
1061,9,21,2025-09-16 11:04:00,99.4,0.0,CARTAO_CREDITO,CONCLUIDA
1062,2,95,2025-10-12 12:56:00,115.5,0.0,CARTAO_CREDITO,CONCLUIDA
1063,9,60,2026-01-01 17:26:00,178.4,0.0,CARTAO_DEBITO,CONCLUIDA
1064,13,72,2026-04-24 08:09:00,98.7,0.0,PIX,CONCLUIDA
1065,1,94,2024-06-16 10:52:00,372.0,0.0,CARTAO_DEBITO,CONCLUIDA
1066,8,60,2025-07-08 10:21:00,74.9,0.0,CARTAO_CREDITO,CONCLUIDA
1067,6,,2026-02-03 10:49:00,332.3,0.0,CARTAO_CREDITO,CONCLUIDA
1068,1,,2025-10-26 19:37:00,9.5,0.73,CARTAO_DEBITO,CONCLUIDA
1069,10,139,2025-08-03 20:37:00,297.6,0.0,PIX,CONCLUIDA
1070,4,185,2025-11-09 18:56:00,288.0,0.0,CARTAO_DEBITO,CONCLUIDA
1071,12,,2025-12-31 18:34:00,296.3,0.0,CARTAO_CREDITO,CONCLUIDA
1072,9,99,2026-03-30 12:45:00,54.0,0.0,CARTAO_CREDITO,CONCLUIDA
1073,1,34,2025-07-24 09:33:00,127.6,0.0,CARTAO_CREDITO,CONCLUIDA
1074,1,,2024-03-16 15:54:00,146.0,0.0,DINHEIRO,CONCLUIDA
1075,4,189,2026-02-21 09:31:00,30.4,0.0,DINHEIRO,CONCLUIDA
1076,9,6,2025-11-25 10:09:00,189.9,0.0,DINHEIRO,CONCLUIDA
1077,4,,2026-01-27 19:00:00,279.9,0.0,CARTAO_DEBITO,CONCLUIDA
1078,8,85,2026-02-22 08:51:00,139.1,0.0,CARTAO_CREDITO,CONCLUIDA
1079,13,163,2024-06-12 17:47:00,26.9,0.0,CARTAO_CREDITO,CONCLUIDA
1080,2,,2025-07-08 14:05:00,24.5,0.0,PIX,CANCELADA
1081,4,41,2025-11-23 09:04:00,78.0,0.0,CARTAO_CREDITO,CONCLUIDA
1082,9,,2024-06-25 21:39:00,74.6,0.0,PIX,CONCLUIDA
1083,9,53,2024-08-16 18:34:00,42.5,0.0,PIX,CONCLUIDA
1084,12,165,2025-09-15 09:53:00,98.9,0.0,CARTAO_CREDITO,CONCLUIDA
1085,4,112,2026-03-31 15:25:00,35.9,0.0,CARTAO_CREDITO,CONCLUIDA
1086,5,,2026-05-07 21:43:00,33.0,0.0,DINHEIRO,CONCLUIDA
1087,10,103,2026-01-20 19:19:00,55.8,0.0,PIX,CONCLUIDA
1088,1,112,2024-07-02 09:12:00,10.2,0.0,CARTAO_CREDITO,CONCLUIDA
1089,2,,2026-03-05 16:58:00,524.5,0.0,PIX,CONCLUIDA
1090,15,177,2026-05-29 10:32:00,53.9,0.0,CARTAO_DEBITO,CONCLUIDA
1091,5,191,2025-07-01 08:00:00,20.9,0.0,CARTAO_CREDITO,CONCLUIDA
1092,12,162,2025-09-29 12:15:00,188.0,0.0,PIX,CONCLUIDA
1093,1,179,2026-02-19 20:27:00,130.6,0.0,PIX,CONCLUIDA
1094,8,162,2026-04-10 20:52:00,172.5,0.0,PIX,CONCLUIDA
1095,10,20,2026-06-04 16:50:00,147.9,0.0,CARTAO_CREDITO,CONCLUIDA
1096,8,196,2025-12-18 08:25:00,83.7,0.0,CONVENIO,CONCLUIDA
1097,9,138,2026-05-30 21:17:00,29.9,0.0,CARTAO_CREDITO,CONCLUIDA
1098,6,29,2026-04-29 14:37:00,99.8,0.0,PIX,CANCELADA
1099,10,180,2026-01-04 19:52:00,64.0,0.0,CARTAO_CREDITO,CONCLUIDA
1100,9,42,2025-10-22 17:17:00,86.0,0.0,CARTAO_DEBITO,CONCLUIDA
1101,6,37,2025-02-25 14:37:00,32.5,0.0,CONVENIO,CANCELADA
1102,1,118,2026-06-13 15:16:00,111.6,0.0,CARTAO_DEBITO,CONCLUIDA
1103,1,74,2025-06-15 18:21:00,511.3,0.0,CARTAO_CREDITO,CANCELADA
1104,9,132,2026-06-15 08:20:00,39.9,0.0,CONVENIO,CONCLUIDA
1105,5,155,2024-01-19 21:34:00,102.9,14.17,CARTAO_CREDITO,CONCLUIDA
1106,2,11,2025-12-03 18:52:00,209.9,0.0,CARTAO_DEBITO,CONCLUIDA
1107,9,61,2026-02-13 20:23:00,21.5,0.0,PIX,CONCLUIDA
1108,9,200,2026-05-26 11:01:00,483.6,0.0,PIX,CONCLUIDA
1109,10,,2025-10-31 09:33:00,73.7,0.0,CARTAO_CREDITO,CONCLUIDA
1110,2,76,2025-11-06 10:38:00,17.2,0.0,CARTAO_DEBITO,CONCLUIDA
1111,13,96,2025-07-19 14:09:00,379.8,0.0,PIX,CONCLUIDA
1112,7,109,2024-07-07 21:11:00,30.9,0.0,DINHEIRO,CONCLUIDA
1113,6,128,2026-01-15 12:34:00,98.9,0.0,CARTAO_CREDITO,CONCLUIDA
1114,1,,2024-10-21 13:46:00,27.9,0.0,CARTAO_CREDITO,CONCLUIDA
1115,2,18,2026-03-08 15:15:00,180.3,0.0,PIX,CONCLUIDA
1116,3,83,2024-11-24 16:20:00,107.0,0.0,CARTAO_CREDITO,CONCLUIDA
1117,5,,2026-01-04 17:05:00,17.5,0.0,CARTAO_CREDITO,CONCLUIDA
1118,9,117,2026-02-26 11:48:00,19.5,0.0,CARTAO_CREDITO,CONCLUIDA
1119,12,119,2026-04-23 12:44:00,42.0,0.0,PIX,CONCLUIDA
1120,7,57,2026-03-28 11:26:00,127.3,12.4,DINHEIRO,CONCLUIDA
1121,2,,2025-09-27 15:34:00,27.9,0.0,CARTAO_CREDITO,CONCLUIDA
1122,2,105,2026-06-03 11:59:00,17.9,0.0,CARTAO_CREDITO,CONCLUIDA
1123,4,49,2026-01-11 15:05:00,49.4,0.0,PIX,CONCLUIDA
1124,2,,2026-05-05 17:16:00,99.6,0.0,PIX,CONCLUIDA
1125,10,29,2026-04-30 16:21:00,857.0,0.0,CARTAO_CREDITO,CONCLUIDA
1126,1,170,2025-11-24 10:41:00,35.8,0.0,CARTAO_CREDITO,CONCLUIDA
1127,13,186,2026-01-05 15:10:00,228.5,0.0,CARTAO_DEBITO,CONCLUIDA
1128,10,138,2025-11-09 21:40:00,169.6,0.0,PIX,CONCLUIDA
1129,14,136,2025-11-11 13:51:00,12.5,0.0,DINHEIRO,CONCLUIDA
1130,15,,2025-10-01 19:13:00,12.9,0.0,CARTAO_DEBITO,CONCLUIDA
1131,10,157,2025-05-18 21:34:00,284.0,0.0,DINHEIRO,CONCLUIDA
1132,14,57,2025-01-17 09:40:00,12.9,1.58,PIX,CONCLUIDA
1133,1,,2025-09-02 18:25:00,164.7,0.0,DINHEIRO,CONCLUIDA
1134,3,81,2025-11-01 19:27:00,41.9,0.0,DINHEIRO,CONCLUIDA
1135,8,73,2025-09-07 12:13:00,20.4,0.0,PIX,CONCLUIDA
1136,8,194,2026-02-10 09:13:00,111.4,0.0,CARTAO_DEBITO,CONCLUIDA
1137,9,193,2025-03-16 09:23:00,34.5,0.0,CARTAO_DEBITO,CONCLUIDA
1138,4,146,2025-12-24 20:56:00,175.4,0.0,DINHEIRO,CONCLUIDA
1139,13,47,2025-09-19 16:38:00,56.9,7.44,CARTAO_CREDITO,CONCLUIDA
1140,11,20,2025-08-22 17:44:00,1657.8,193.84,CARTAO_CREDITO,CONCLUIDA
1141,2,,2025-09-11 15:26:00,35.8,0.0,CARTAO_CREDITO,CONCLUIDA
1142,3,194,2026-04-29 13:50:00,19.5,1.94,CARTAO_CREDITO,CONCLUIDA
1143,10,,2025-10-03 19:58:00,12.9,0.0,DINHEIRO,CONCLUIDA
1144,8,82,2024-12-25 09:54:00,762.3,0.0,PIX,CANCELADA
1145,15,,2024-05-02 20:06:00,92.6,0.0,PIX,CONCLUIDA
1146,7,114,2025-01-02 16:14:00,37.8,0.0,PIX,CONCLUIDA
1147,1,155,2025-08-26 13:12:00,29.4,0.0,CARTAO_DEBITO,CONCLUIDA
1148,2,68,2025-09-25 21:55:00,79.8,0.0,CARTAO_CREDITO,CONCLUIDA
1149,1,17,2026-06-27 19:31:00,125.3,0.0,CARTAO_DEBITO,CONCLUIDA
1150,1,158,2026-05-20 10:09:00,183.7,0.0,PIX,CONCLUIDA
1151,15,,2025-10-12 10:11:00,247.2,0.0,CARTAO_CREDITO,CONCLUIDA
1152,1,98,2025-08-19 19:24:00,45.1,0.0,CARTAO_CREDITO,CONCLUIDA
1153,2,153,2025-10-29 14:57:00,83.3,0.0,PIX,CONCLUIDA
1154,4,127,2025-12-17 20:36:00,149.9,0.0,CONVENIO,CONCLUIDA
1155,10,44,2025-08-24 11:34:00,245.7,0.0,PIX,CONCLUIDA
1156,1,,2026-06-28 20:17:00,145.4,0.0,PIX,CONCLUIDA
1157,3,38,2026-02-16 12:18:00,139.2,0.0,PIX,CONCLUIDA
1158,1,,2025-11-11 19:01:00,389.8,0.0,CARTAO_DEBITO,CONCLUIDA
1159,9,47,2026-05-16 13:20:00,703.6,0.0,DINHEIRO,CONCLUIDA
1160,4,150,2025-08-26 14:02:00,35.9,0.0,DINHEIRO,CONCLUIDA
1161,11,111,2026-01-23 20:44:00,439.4,0.0,CARTAO_CREDITO,CONCLUIDA
1162,8,55,2025-07-30 08:32:00,15.9,0.0,CARTAO_DEBITO,CONCLUIDA
1163,9,,2024-04-22 17:02:00,54.4,0.0,CARTAO_CREDITO,CONCLUIDA
1164,10,,2024-07-25 14:38:00,220.5,0.0,CONVENIO,CONCLUIDA
1165,6,,2025-08-29 11:36:00,63.7,3.6,CONVENIO,CONCLUIDA
1166,10,191,2025-07-07 13:57:00,71.5,0.0,CARTAO_CREDITO,CONCLUIDA
1167,3,2,2026-03-23 17:49:00,199.5,0.0,PIX,CONCLUIDA
1168,9,117,2025-08-18 18:34:00,192.3,0.0,PIX,CONCLUIDA
1169,15,,2026-06-06 16:27:00,34.5,3.78,CARTAO_CREDITO,CONCLUIDA
1170,9,57,2025-08-29 09:46:00,260.3,0.0,PIX,CONCLUIDA
1171,4,,2025-11-10 20:54:00,12.5,0.0,CARTAO_DEBITO,CONCLUIDA
1172,1,148,2024-09-13 12:37:00,76.9,0.0,PIX,CONCLUIDA
1173,1,165,2026-04-09 10:45:00,119.3,0.0,PIX,CONCLUIDA
1174,2,129,2025-05-23 12:44:00,34.4,0.0,CARTAO_CREDITO,CONCLUIDA
1175,5,57,2026-02-17 08:00:00,119.4,0.0,CARTAO_CREDITO,CONCLUIDA
1176,10,30,2024-03-12 18:11:00,209.7,0.0,PIX,CONCLUIDA
1177,2,37,2025-07-15 09:46:00,58.8,0.0,PIX,CONCLUIDA
1178,7,193,2025-11-09 12:24:00,364.0,0.0,PIX,CONCLUIDA
1179,1,191,2024-07-28 19:19:00,30.9,0.0,CARTAO_CREDITO,CONCLUIDA
1180,15,42,2026-02-14 09:47:00,542.4,0.0,CARTAO_DEBITO,CONCLUIDA
1181,4,103,2026-05-26 10:17:00,172.8,12.23,CONVENIO,CANCELADA
1182,5,,2024-11-06 16:36:00,19.5,0.0,CARTAO_CREDITO,CONCLUIDA
1183,2,186,2026-01-09 16:09:00,237.8,0.0,PIX,CONCLUIDA
1184,10,92,2025-09-26 08:25:00,18.9,1.18,CARTAO_DEBITO,CONCLUIDA
1185,9,140,2026-03-28 10:29:00,124.6,0.0,CARTAO_CREDITO,CONCLUIDA
1186,1,151,2025-07-03 08:25:00,147.5,0.0,CARTAO_CREDITO,CONCLUIDA
1187,10,8,2026-01-21 08:19:00,161.8,0.0,CARTAO_DEBITO,CONCLUIDA
1188,10,115,2026-04-29 17:38:00,65.8,3.38,PIX,CONCLUIDA
1189,14,,2026-06-18 15:47:00,197.8,0.0,DINHEIRO,CONCLUIDA
1190,4,193,2026-01-09 16:16:00,191.8,11.9,DINHEIRO,CONCLUIDA
1191,6,136,2025-08-30 08:30:00,79.2,0.0,PIX,CONCLUIDA
1192,1,29,2024-04-18 14:01:00,227.1,0.0,CARTAO_DEBITO,CONCLUIDA
1193,9,124,2025-08-30 16:12:00,247.1,0.0,CARTAO_CREDITO,CONCLUIDA
1194,1,141,2025-12-27 15:55:00,22.5,0.0,CONVENIO,CONCLUIDA
1195,10,102,2024-06-15 21:07:00,43.9,0.0,CARTAO_CREDITO,CONCLUIDA
1196,12,171,2026-01-15 20:28:00,122.9,0.0,CARTAO_DEBITO,CONCLUIDA
1197,10,,2025-12-11 08:47:00,91.4,0.0,DINHEIRO,CONCLUIDA
1198,4,,2025-10-26 16:49:00,97.8,0.0,CARTAO_CREDITO,CONCLUIDA
1199,8,3,2025-08-23 19:27:00,193.8,0.0,CARTAO_DEBITO,CONCLUIDA
1200,10,100,2025-02-17 19:50:00,271.6,0.0,CARTAO_CREDITO,CONCLUIDA
1201,3,67,2024-06-08 15:32:00,56.0,0.0,PIX,CONCLUIDA
1202,13,140,2025-04-04 15:21:00,71.8,0.0,PIX,CONCLUIDA
1203,4,164,2026-06-08 20:38:00,43.9,0.0,CARTAO_CREDITO,CONCLUIDA
1204,10,,2025-11-20 14:49:00,41.5,0.0,CARTAO_CREDITO,CONCLUIDA
1205,1,32,2025-11-11 20:41:00,123.6,0.0,CARTAO_CREDITO,CONCLUIDA
1206,11,84,2025-11-18 10:24:00,355.7,0.0,DINHEIRO,CONCLUIDA
1207,13,133,2024-02-16 15:26:00,194.9,0.0,CARTAO_CREDITO,CONCLUIDA
1208,7,181,2025-12-20 11:46:00,342.9,0.0,CARTAO_DEBITO,CONCLUIDA
1209,5,8,2025-06-13 16:25:00,27.9,0.0,CARTAO_DEBITO,CONCLUIDA
1210,3,7,2026-05-04 17:49:00,32.4,0.0,DINHEIRO,CONCLUIDA
1211,12,66,2024-11-17 11:43:00,194.9,0.0,CARTAO_DEBITO,CONCLUIDA
1212,7,89,2026-02-08 21:04:00,174.5,0.0,CARTAO_DEBITO,CONCLUIDA
1213,2,45,2024-05-30 15:06:00,299.8,0.0,DINHEIRO,CONCLUIDA
1214,9,,2025-09-22 08:49:00,63.8,0.0,CARTAO_CREDITO,CONCLUIDA
1215,3,27,2025-08-15 08:13:00,170.4,25.51,CARTAO_DEBITO,CONCLUIDA
1216,2,127,2024-03-03 14:34:00,299.8,0.0,DINHEIRO,CONCLUIDA
1217,10,50,2025-07-20 13:43:00,10.2,0.0,DINHEIRO,CONCLUIDA
1218,3,148,2025-08-26 21:51:00,153.3,11.07,CARTAO_CREDITO,CONCLUIDA
1219,10,84,2025-09-18 13:39:00,306.7,0.0,PIX,CONCLUIDA
1220,15,139,2024-06-12 17:07:00,17.5,0.0,PIX,CONCLUIDA
1221,1,,2025-04-08 14:41:00,22.5,0.0,CARTAO_CREDITO,CONCLUIDA
1222,9,192,2025-01-17 08:28:00,55.8,0.0,PIX,CONCLUIDA
1223,10,,2025-07-22 16:00:00,238.2,0.0,CARTAO_DEBITO,CONCLUIDA
1224,3,9,2025-09-26 10:22:00,4.9,0.0,CONVENIO,CONCLUIDA
1225,1,,2026-04-04 13:22:00,21.6,0.0,PIX,CONCLUIDA
1226,9,104,2026-04-09 20:35:00,103.8,0.0,CARTAO_CREDITO,CONCLUIDA
1227,11,145,2025-07-05 18:14:00,159.7,0.0,DINHEIRO,CONCLUIDA
1228,13,158,2025-07-28 09:09:00,60.1,0.0,CARTAO_CREDITO,CONCLUIDA
1229,13,153,2024-10-01 18:05:00,215.5,0.0,CARTAO_DEBITO,CONCLUIDA
1230,14,,2025-12-10 10:42:00,116.7,0.0,PIX,CANCELADA
1231,9,197,2025-07-02 17:37:00,1031.2,0.0,CARTAO_CREDITO,CONCLUIDA
1232,9,,2025-12-09 09:17:00,237.5,0.0,CARTAO_CREDITO,CONCLUIDA
1233,6,120,2024-05-09 13:44:00,123.8,0.0,PIX,CONCLUIDA
1234,1,2,2026-04-03 15:31:00,105.9,0.0,DINHEIRO,CONCLUIDA
1235,15,25,2026-05-12 08:10:00,134.7,0.0,CARTAO_CREDITO,CONCLUIDA
1236,8,190,2025-12-11 19:27:00,81.8,0.0,PIX,CONCLUIDA
1237,9,79,2026-06-01 20:40:00,141.4,8.57,PIX,CONCLUIDA
1238,10,163,2025-11-30 15:11:00,39.8,0.0,CARTAO_DEBITO,CONCLUIDA
1239,14,63,2024-03-30 12:36:00,42.9,0.0,CARTAO_DEBITO,CONCLUIDA
1240,5,88,2024-02-23 17:23:00,34.4,0.0,CARTAO_CREDITO,CANCELADA
1241,3,189,2025-08-11 11:15:00,4.9,0.0,CARTAO_CREDITO,CONCLUIDA
1242,1,98,2025-12-12 08:26:00,218.8,0.0,CONVENIO,CONCLUIDA
1243,7,34,2025-10-19 19:33:00,200.4,0.0,PIX,CONCLUIDA
1244,11,58,2024-07-29 21:56:00,26.4,0.0,CARTAO_CREDITO,CONCLUIDA
1245,2,90,2025-11-24 09:58:00,359.8,0.0,PIX,CONCLUIDA
1246,13,109,2024-08-01 20:16:00,39.6,0.0,CARTAO_DEBITO,CONCLUIDA
1247,7,,2026-04-07 15:01:00,52.5,0.0,CONVENIO,CONCLUIDA
1248,3,20,2024-06-21 11:17:00,110.9,9.53,CARTAO_CREDITO,CONCLUIDA
1249,8,97,2024-05-20 14:35:00,149.9,0.0,CARTAO_DEBITO,CONCLUIDA
1250,3,1,2025-10-24 16:55:00,97.5,12.66,CARTAO_CREDITO,CONCLUIDA
1251,2,68,2024-02-21 12:31:00,138.7,0.0,PIX,CONCLUIDA
1252,2,187,2026-04-03 20:28:00,280.7,0.0,PIX,CONCLUIDA
1253,9,,2026-01-06 21:33:00,62.3,0.0,PIX,CONCLUIDA
1254,1,86,2026-02-17 18:53:00,160.7,0.0,PIX,CONCLUIDA
1255,1,114,2026-02-02 17:32:00,17.2,0.0,CARTAO_CREDITO,CANCELADA
1256,5,31,2025-09-07 10:47:00,427.7,0.0,CARTAO_CREDITO,CONCLUIDA
1257,9,56,2025-12-15 18:38:00,419.8,0.0,PIX,CONCLUIDA
1258,9,132,2026-06-08 21:32:00,440.8,0.0,PIX,CONCLUIDA
1259,10,103,2025-03-29 08:26:00,55.8,0.0,CARTAO_CREDITO,CONCLUIDA
1260,14,4,2026-04-23 17:11:00,468.9,0.0,PIX,CONCLUIDA
1261,4,,2025-10-27 15:05:00,521.8,0.0,CARTAO_CREDITO,CONCLUIDA
1262,8,,2025-08-13 18:49:00,13.2,0.0,CARTAO_CREDITO,CONCLUIDA
1263,15,98,2025-08-01 17:21:00,44.8,0.0,PIX,CONCLUIDA
1264,3,,2024-10-11 18:50:00,39.0,0.0,CARTAO_CREDITO,CONCLUIDA
1265,1,29,2026-03-14 21:59:00,49.7,0.0,DINHEIRO,CONCLUIDA
1266,10,,2026-01-10 18:54:00,70.3,6.86,CARTAO_CREDITO,CONCLUIDA
1267,15,77,2025-07-24 11:01:00,24.4,0.0,CARTAO_DEBITO,CONCLUIDA
1268,5,198,2025-11-30 21:33:00,219.4,0.0,CARTAO_CREDITO,CONCLUIDA
1269,3,139,2026-04-29 18:07:00,312.2,0.0,PIX,CONCLUIDA
1270,2,194,2025-03-07 11:43:00,42.5,0.0,PIX,CONCLUIDA
1271,9,86,2025-11-27 21:56:00,4.9,0.0,CARTAO_CREDITO,CONCLUIDA
1272,14,42,2025-01-17 11:26:00,24.4,0.0,CARTAO_DEBITO,CONCLUIDA
1273,9,181,2026-05-08 14:41:00,98.9,0.0,PIX,CONCLUIDA
1274,13,91,2026-06-22 20:27:00,908.2,0.0,CARTAO_CREDITO,CONCLUIDA
1275,10,,2025-07-13 10:07:00,279.1,0.0,CARTAO_CREDITO,CONCLUIDA
1276,14,10,2026-02-22 17:49:00,68.8,0.0,CARTAO_DEBITO,CONCLUIDA
1277,13,,2024-05-18 19:03:00,41.9,0.0,CONVENIO,CONCLUIDA
1278,9,107,2026-02-17 17:37:00,34.9,0.0,CARTAO_CREDITO,CONCLUIDA
1279,14,40,2026-05-04 20:46:00,107.8,0.0,CARTAO_DEBITO,CONCLUIDA
1280,8,116,2025-01-16 20:27:00,19.9,2.88,DINHEIRO,CONCLUIDA
1281,13,,2025-10-10 17:33:00,197.2,0.0,PIX,CONCLUIDA
1282,2,192,2026-03-22 12:47:00,79.8,0.0,CARTAO_DEBITO,CONCLUIDA
1283,2,53,2026-04-20 15:20:00,237.8,0.0,CARTAO_CREDITO,CONCLUIDA
1284,11,41,2025-11-14 19:08:00,17.2,0.0,CARTAO_CREDITO,CONCLUIDA
1285,3,125,2025-03-14 17:51:00,204.5,19.92,DINHEIRO,CONCLUIDA
1286,9,158,2025-08-20 16:27:00,345.7,0.0,CARTAO_DEBITO,CONCLUIDA
1287,7,104,2025-07-26 15:31:00,164.9,0.0,CARTAO_CREDITO,CONCLUIDA
1288,9,12,2025-12-17 21:39:00,60.1,0.0,PIX,CONCLUIDA
1289,10,,2024-11-13 12:54:00,51.4,0.0,CARTAO_CREDITO,CONCLUIDA
1290,12,81,2026-06-25 08:44:00,679.6,0.0,PIX,CONCLUIDA
1291,15,178,2026-06-01 10:55:00,42.5,0.0,CARTAO_DEBITO,CONCLUIDA
1292,9,91,2025-12-23 13:34:00,614.5,0.0,PIX,CONCLUIDA
1293,9,,2026-03-08 21:30:00,69.0,0.0,DINHEIRO,CONCLUIDA
1294,4,139,2025-07-09 20:15:00,50.0,0.0,CARTAO_DEBITO,CONCLUIDA
1295,2,,2024-09-01 16:23:00,84.8,8.01,PIX,CONCLUIDA
1296,2,156,2024-04-02 14:18:00,174.8,0.0,CARTAO_DEBITO,CONCLUIDA
1297,3,,2026-03-16 08:48:00,52.5,0.0,PIX,CONCLUIDA
1298,9,174,2025-09-05 19:39:00,75.1,0.0,DINHEIRO,CONCLUIDA
1299,1,142,2025-07-24 13:10:00,47.5,0.0,PIX,CONCLUIDA
1300,15,173,2024-05-30 08:20:00,278.5,0.0,CARTAO_CREDITO,CONCLUIDA
1301,9,36,2024-07-20 09:28:00,99.8,0.0,PIX,CONCLUIDA
1302,9,125,2025-02-21 10:55:00,57.0,0.0,CARTAO_CREDITO,CONCLUIDA
1303,2,190,2025-07-08 10:23:00,203.8,0.0,CARTAO_CREDITO,CONCLUIDA
1304,11,11,2025-10-30 14:53:00,83.8,9.5,DINHEIRO,CONCLUIDA
1305,1,31,2025-10-18 17:02:00,221.0,0.0,CARTAO_DEBITO,CONCLUIDA
1306,7,60,2025-08-11 18:52:00,437.4,0.0,CARTAO_CREDITO,CONCLUIDA
1307,11,76,2024-09-20 20:17:00,73.4,0.0,CONVENIO,CONCLUIDA
1308,3,132,2026-04-11 08:40:00,197.5,0.0,CARTAO_DEBITO,CONCLUIDA
1309,5,,2026-06-16 13:09:00,166.4,0.0,DINHEIRO,CONCLUIDA
1310,1,36,2026-02-01 08:28:00,50.6,0.0,DINHEIRO,CONCLUIDA
1311,15,94,2026-01-07 11:43:00,41.4,0.0,DINHEIRO,CONCLUIDA
1312,6,34,2025-12-01 09:13:00,32.5,2.84,CARTAO_CREDITO,CONCLUIDA
1313,10,175,2025-12-12 15:37:00,113.9,0.0,DINHEIRO,CONCLUIDA
1314,10,110,2025-09-01 16:15:00,15.2,0.0,CARTAO_CREDITO,CONCLUIDA
1315,9,176,2025-10-03 11:47:00,76.7,0.0,CARTAO_DEBITO,CONCLUIDA
1316,9,62,2025-09-11 19:45:00,58.8,0.0,CARTAO_DEBITO,CONCLUIDA
1317,12,,2025-09-21 21:25:00,259.7,0.0,PIX,CONCLUIDA
1318,12,12,2026-06-16 10:01:00,8.9,0.0,CARTAO_DEBITO,CONCLUIDA
1319,10,76,2025-11-29 15:42:00,44.9,0.0,DINHEIRO,CONCLUIDA
1320,4,88,2026-01-15 08:58:00,10.2,0.0,PIX,CONCLUIDA
1321,1,,2024-09-08 11:43:00,75.0,0.0,CARTAO_CREDITO,CONCLUIDA
1322,10,9,2025-02-15 12:46:00,116.8,0.0,CARTAO_CREDITO,CONCLUIDA
1323,3,22,2024-02-08 18:30:00,17.5,0.0,PIX,CANCELADA
1324,9,195,2025-09-23 14:29:00,45.7,5.51,CARTAO_CREDITO,CONCLUIDA
1325,8,,2026-03-23 20:25:00,88.3,0.0,PIX,CONCLUIDA
1326,8,151,2025-08-07 18:31:00,127.6,0.0,PIX,CONCLUIDA
1327,4,73,2026-06-03 11:09:00,290.2,0.0,PIX,CONCLUIDA
1328,2,141,2026-03-30 20:41:00,370.6,0.0,DINHEIRO,CONCLUIDA
1329,15,,2025-10-06 21:37:00,179.1,0.0,CONVENIO,CONCLUIDA
1330,8,132,2025-06-22 10:58:00,41.9,0.0,CONVENIO,CONCLUIDA
1331,9,,2026-01-14 16:03:00,10.2,0.0,CARTAO_CREDITO,CONCLUIDA
1332,5,148,2025-11-15 14:01:00,8.5,0.0,PIX,CONCLUIDA
1333,10,174,2025-07-01 21:39:00,92.3,0.0,PIX,CONCLUIDA
1334,2,103,2025-08-19 14:20:00,194.9,0.0,CARTAO_CREDITO,CONCLUIDA
1335,7,,2024-11-26 13:48:00,106.1,0.0,PIX,CONCLUIDA
1336,11,,2024-10-25 18:03:00,61.4,0.0,CARTAO_CREDITO,CONCLUIDA
1337,3,151,2024-10-30 08:09:00,165.6,0.0,PIX,CONCLUIDA
1338,11,,2025-04-08 08:15:00,143.8,0.0,CARTAO_CREDITO,CONCLUIDA
1339,8,45,2026-06-20 13:46:00,427.1,0.0,DINHEIRO,CONCLUIDA
1340,2,4,2026-02-06 18:04:00,52.8,0.0,PIX,CONCLUIDA
1341,2,70,2025-11-29 13:58:00,57.0,0.0,DINHEIRO,CONCLUIDA
1342,15,83,2026-05-23 11:36:00,118.9,0.0,CARTAO_CREDITO,CONCLUIDA
1343,2,,2026-05-11 12:17:00,164.1,0.0,DINHEIRO,CONCLUIDA
1344,1,80,2025-10-24 09:36:00,648.7,0.0,PIX,CONCLUIDA
1345,1,,2025-12-04 16:46:00,28.4,0.0,CARTAO_CREDITO,CONCLUIDA
1346,10,102,2026-04-05 12:06:00,7.2,0.0,CARTAO_DEBITO,CONCLUIDA
1347,9,97,2026-02-13 12:10:00,154.0,13.9,CARTAO_CREDITO,CONCLUIDA
1348,2,,2024-03-29 13:05:00,182.8,0.0,CONVENIO,CONCLUIDA
1349,11,,2026-01-28 17:35:00,32.4,0.0,CARTAO_DEBITO,CONCLUIDA
1350,2,31,2026-03-14 17:01:00,577.8,0.0,CONVENIO,CONCLUIDA
1351,9,15,2025-07-19 12:51:00,221.7,0.0,CARTAO_CREDITO,CONCLUIDA
1352,2,140,2026-06-15 08:53:00,17.9,0.0,CARTAO_CREDITO,CONCLUIDA
1353,9,78,2026-05-07 20:45:00,53.9,0.0,CARTAO_DEBITO,CONCLUIDA
1354,5,40,2025-12-02 15:25:00,76.9,0.0,DINHEIRO,CONCLUIDA
1355,10,162,2026-01-25 09:35:00,45.1,0.0,PIX,CONCLUIDA
1356,8,7,2025-05-15 08:58:00,104.9,0.0,CARTAO_CREDITO,CONCLUIDA
1357,5,60,2026-06-26 16:42:00,316.3,0.0,PIX,CONCLUIDA
1358,4,106,2026-03-12 19:55:00,622.2,0.0,CARTAO_CREDITO,CONCLUIDA
1359,4,175,2024-11-21 15:43:00,74.8,0.0,PIX,CONCLUIDA
1360,3,,2025-12-06 13:32:00,49.9,0.0,CARTAO_DEBITO,CONCLUIDA
1361,1,,2025-09-16 11:41:00,572.0,0.0,PIX,CONCLUIDA
1362,1,116,2025-07-04 08:55:00,143.8,0.0,PIX,CONCLUIDA
1363,8,122,2025-11-27 08:58:00,17.0,0.0,PIX,CONCLUIDA
1364,1,35,2025-05-06 11:48:00,145.7,0.0,CARTAO_CREDITO,CONCLUIDA
1365,9,131,2026-04-12 20:47:00,32.9,0.0,CARTAO_CREDITO,CONCLUIDA
1366,3,59,2025-11-30 09:24:00,99.0,0.0,PIX,CONCLUIDA
1367,14,,2026-01-12 21:30:00,129.9,0.0,PIX,CONCLUIDA
1368,13,190,2025-09-16 09:27:00,21.0,0.0,DINHEIRO,CONCLUIDA
1369,9,142,2025-11-23 09:14:00,7.9,0.0,PIX,CONCLUIDA
1370,10,144,2026-03-06 20:28:00,526.7,0.0,CARTAO_CREDITO,CONCLUIDA
1371,11,163,2025-07-15 17:46:00,62.8,0.0,CARTAO_DEBITO,CONCLUIDA
1372,9,107,2025-08-08 08:08:00,82.5,0.0,CONVENIO,CONCLUIDA
1373,9,,2026-04-27 16:02:00,118.3,7.69,DINHEIRO,CONCLUIDA
1374,11,76,2025-09-22 11:15:00,488.8,0.0,PIX,CONCLUIDA
1375,12,14,2026-01-12 11:31:00,61.9,0.0,PIX,CONCLUIDA
1376,4,164,2026-06-15 15:24:00,32.9,2.36,PIX,CONCLUIDA
1377,10,,2025-09-29 19:51:00,25.0,0.0,CARTAO_CREDITO,CONCLUIDA
1378,3,141,2025-09-10 10:34:00,8.9,0.0,PIX,CONCLUIDA
1379,1,,2026-06-21 09:23:00,10.2,0.78,CARTAO_DEBITO,CONCLUIDA
1380,6,151,2024-08-06 09:08:00,10.5,0.0,PIX,CONCLUIDA
1381,9,132,2026-06-22 16:51:00,79.6,0.0,CARTAO_CREDITO,CONCLUIDA
1382,1,22,2025-08-02 12:14:00,107.9,0.0,CARTAO_CREDITO,CONCLUIDA
1383,6,172,2026-03-25 13:27:00,345.0,0.0,CARTAO_CREDITO,CONCLUIDA
1384,11,110,2025-11-03 11:15:00,92.6,6.44,PIX,CONCLUIDA
1385,8,,2025-12-08 13:58:00,127.9,11.62,CARTAO_DEBITO,CONCLUIDA
1386,4,190,2025-09-10 08:06:00,81.5,0.0,CONVENIO,CONCLUIDA
1387,3,82,2026-04-26 10:11:00,28.5,4.16,CARTAO_DEBITO,CONCLUIDA
1388,10,,2025-10-14 12:34:00,39.8,0.0,CARTAO_CREDITO,CONCLUIDA
1389,8,,2025-10-17 10:15:00,19.5,0.0,PIX,CONCLUIDA
1390,2,198,2025-09-16 15:27:00,17.9,0.0,PIX,CONCLUIDA
1391,1,,2024-09-10 14:48:00,96.3,0.0,CARTAO_CREDITO,CONCLUIDA
1392,11,177,2026-01-12 14:23:00,95.2,0.0,PIX,CONCLUIDA
1393,3,16,2025-03-02 14:19:00,50.3,0.0,DINHEIRO,CONCLUIDA
1394,12,70,2025-02-07 14:46:00,12.5,0.0,CARTAO_CREDITO,CONCLUIDA
1395,5,197,2025-12-20 19:15:00,43.9,0.0,CARTAO_CREDITO,CONCLUIDA
1396,4,165,2026-05-26 19:59:00,107.8,0.0,CARTAO_CREDITO,CONCLUIDA
1397,9,85,2026-02-04 11:42:00,151.5,0.0,CARTAO_DEBITO,CONCLUIDA
1398,3,195,2026-06-01 09:26:00,162.0,8.47,DINHEIRO,CONCLUIDA
1399,7,121,2026-03-04 21:49:00,419.9,0.0,DINHEIRO,CONCLUIDA
1400,13,36,2025-11-17 17:13:00,205.4,0.0,DINHEIRO,CONCLUIDA
1401,11,193,2025-10-05 17:06:00,103.9,0.0,CARTAO_CREDITO,CONCLUIDA
1402,1,180,2026-01-05 12:36:00,228.7,0.0,CARTAO_CREDITO,CONCLUIDA
1403,9,100,2025-12-26 20:49:00,34.5,0.0,CARTAO_DEBITO,CONCLUIDA
1404,10,58,2025-11-16 11:30:00,64.1,0.0,PIX,CONCLUIDA
1405,11,177,2025-07-31 09:55:00,219.5,19.77,CARTAO_CREDITO,CONCLUIDA
1406,9,170,2026-03-01 08:03:00,117.9,0.0,PIX,CONCLUIDA
1407,13,,2024-03-15 17:38:00,142.5,0.0,DINHEIRO,CONCLUIDA
1408,13,,2025-11-10 10:03:00,8.5,0.0,CARTAO_CREDITO,CONCLUIDA
1409,1,,2024-04-12 11:58:00,379.8,45.65,CARTAO_DEBITO,CONCLUIDA
1410,7,35,2024-04-10 17:43:00,132.1,0.0,CARTAO_CREDITO,CONCLUIDA
1411,10,24,2026-03-30 15:54:00,19.0,2.72,CARTAO_DEBITO,CONCLUIDA
1412,6,,2026-01-10 12:55:00,115.7,0.0,CARTAO_CREDITO,CONCLUIDA
1413,9,98,2026-04-21 12:10:00,34.9,4.22,CARTAO_CREDITO,CONCLUIDA
1414,4,106,2026-02-06 18:11:00,124.6,0.0,CARTAO_CREDITO,CONCLUIDA
1415,10,,2026-05-20 13:18:00,213.6,0.0,CARTAO_CREDITO,CONCLUIDA
1416,9,,2025-07-29 08:23:00,565.3,0.0,DINHEIRO,CONCLUIDA
1417,1,104,2026-05-30 13:25:00,10.5,0.0,CARTAO_CREDITO,CONCLUIDA
1418,12,71,2025-10-21 08:52:00,70.0,0.0,CARTAO_CREDITO,CONCLUIDA
1419,1,164,2025-02-25 14:34:00,83.1,0.0,CARTAO_DEBITO,CONCLUIDA
1420,2,,2024-05-23 11:09:00,17.2,0.0,CARTAO_DEBITO,CONCLUIDA
1421,12,92,2025-08-28 17:19:00,79.8,0.0,DINHEIRO,CONCLUIDA
1422,10,27,2024-09-09 13:42:00,247.9,35.44,DINHEIRO,CONCLUIDA
1423,9,,2026-03-07 16:02:00,47.8,0.0,CARTAO_DEBITO,CANCELADA
1424,3,183,2024-09-05 12:04:00,143.3,0.0,CARTAO_DEBITO,CONCLUIDA
1425,1,131,2025-09-16 11:01:00,49.3,0.0,CARTAO_CREDITO,CONCLUIDA
1426,9,184,2025-10-30 21:46:00,658.6,0.0,CARTAO_CREDITO,CONCLUIDA
1427,9,197,2025-11-19 10:36:00,16.2,0.0,PIX,CONCLUIDA
1428,9,40,2026-04-04 14:00:00,246.2,0.0,CARTAO_CREDITO,CONCLUIDA
1429,1,114,2025-10-22 14:42:00,53.9,0.0,CARTAO_DEBITO,CONCLUIDA
1430,8,186,2026-05-10 10:40:00,186.3,0.0,CARTAO_DEBITO,CONCLUIDA
1431,10,,2026-06-10 10:15:00,134.1,0.0,PIX,CONCLUIDA
1432,4,,2025-08-24 13:34:00,60.8,0.0,CARTAO_CREDITO,CANCELADA
1433,3,16,2025-10-17 11:42:00,307.7,0.0,DINHEIRO,CONCLUIDA
1434,8,72,2025-09-09 17:27:00,230.9,13.55,CARTAO_CREDITO,CONCLUIDA
1435,14,31,2025-10-31 17:11:00,444.8,0.0,PIX,CONCLUIDA
1436,11,56,2025-10-26 17:10:00,41.5,0.0,CARTAO_DEBITO,CONCLUIDA
1437,9,148,2025-11-01 11:23:00,34.0,0.0,CARTAO_DEBITO,CONCLUIDA
1438,9,26,2025-10-02 21:21:00,53.7,0.0,CARTAO_CREDITO,CONCLUIDA
1439,9,37,2025-11-23 20:49:00,72.5,0.0,CARTAO_CREDITO,CONCLUIDA
1440,10,97,2025-11-24 21:15:00,229.4,0.0,CARTAO_CREDITO,CONCLUIDA
1441,15,108,2024-12-14 08:22:00,36.6,0.0,CARTAO_CREDITO,CONCLUIDA
1442,10,141,2026-06-04 09:51:00,29.9,0.0,PIX,CONCLUIDA
1443,9,114,2026-05-18 21:30:00,34.5,0.0,CARTAO_DEBITO,CONCLUIDA
1444,9,19,2025-01-22 21:40:00,17.9,0.0,CARTAO_DEBITO,CONCLUIDA
1445,1,,2024-07-16 08:02:00,360.4,0.0,DINHEIRO,CONCLUIDA
1446,10,67,2026-05-02 18:40:00,97.3,0.0,CARTAO_DEBITO,CONCLUIDA
1447,7,175,2025-12-22 17:04:00,25.0,0.0,PIX,CONCLUIDA
1448,10,8,2026-04-03 13:10:00,82.7,0.0,PIX,CONCLUIDA
1449,1,47,2024-11-19 13:14:00,302.7,0.0,CONVENIO,CONCLUIDA
1450,9,72,2025-08-14 12:45:00,84.5,0.0,CARTAO_CREDITO,CANCELADA
1451,5,146,2026-01-12 16:59:00,35.0,0.0,CARTAO_CREDITO,CONCLUIDA
1452,12,46,2025-10-26 19:20:00,41.4,0.0,PIX,CONCLUIDA
1453,1,169,2025-07-02 10:09:00,15.2,0.0,PIX,CONCLUIDA
1454,12,179,2025-12-23 15:46:00,119.8,0.0,CARTAO_DEBITO,CONCLUIDA
1455,1,175,2024-05-27 20:15:00,62.3,0.0,CARTAO_CREDITO,CONCLUIDA
1456,13,197,2024-01-13 14:12:00,67.6,0.0,CARTAO_CREDITO,CONCLUIDA
1457,6,18,2026-06-23 20:52:00,130.6,0.0,CARTAO_CREDITO,CONCLUIDA
1458,9,193,2026-02-16 18:36:00,167.7,14.01,CARTAO_CREDITO,CONCLUIDA
1459,9,112,2025-09-05 10:01:00,32.0,0.0,CARTAO_DEBITO,CONCLUIDA
1460,3,24,2024-08-08 13:03:00,453.4,0.0,PIX,CONCLUIDA
1461,12,135,2025-08-13 18:48:00,19.9,1.12,PIX,CONCLUIDA
1462,4,131,2026-06-16 11:53:00,70.8,0.0,CARTAO_CREDITO,CONCLUIDA
1463,8,160,2024-04-15 14:33:00,266.7,0.0,PIX,CONCLUIDA
1464,15,40,2026-03-20 18:06:00,42.2,0.0,CARTAO_CREDITO,CONCLUIDA
1465,5,,2026-02-01 09:05:00,108.9,0.0,CARTAO_DEBITO,CONCLUIDA
1466,2,11,2026-06-04 08:21:00,63.4,5.37,CONVENIO,CONCLUIDA
1467,10,64,2025-10-30 11:37:00,57.7,0.0,CARTAO_DEBITO,CONCLUIDA
1468,7,18,2025-07-06 21:17:00,34.5,0.0,PIX,CONCLUIDA
1469,8,119,2026-01-12 14:37:00,168.8,0.0,CARTAO_DEBITO,CONCLUIDA
1470,4,,2025-11-30 14:06:00,27.9,0.0,CONVENIO,CONCLUIDA
1471,8,121,2025-07-04 18:29:00,67.5,0.0,PIX,CONCLUIDA
1472,13,,2026-03-13 12:08:00,86.9,0.0,CARTAO_CREDITO,CONCLUIDA
1473,1,,2024-10-12 10:12:00,43.0,0.0,CARTAO_CREDITO,CONCLUIDA
1474,9,,2025-04-02 15:06:00,265.9,0.0,PIX,CONCLUIDA
1475,10,11,2026-01-10 18:24:00,37.8,4.21,CARTAO_DEBITO,CONCLUIDA
1476,2,,2025-09-08 18:24:00,527.7,0.0,CARTAO_DEBITO,CONCLUIDA
1477,10,160,2025-04-14 08:23:00,50.7,0.0,CARTAO_DEBITO,CONCLUIDA
1478,1,,2026-06-24 09:02:00,43.9,0.0,DINHEIRO,CONCLUIDA
1479,9,,2025-09-04 15:55:00,187.9,0.0,CARTAO_DEBITO,CONCLUIDA
1480,5,65,2026-06-28 16:59:00,68.7,0.0,CARTAO_CREDITO,CONCLUIDA
1481,14,169,2026-01-02 10:49:00,419.9,0.0,CARTAO_DEBITO,CONCLUIDA
1482,2,172,2025-07-01 08:51:00,132.5,7.76,DINHEIRO,CANCELADA
1483,10,37,2025-08-27 14:41:00,30.6,0.0,CARTAO_CREDITO,CONCLUIDA
1484,9,154,2026-05-02 11:51:00,155.1,0.0,DINHEIRO,CANCELADA
1485,14,,2025-07-22 10:33:00,385.8,0.0,CARTAO_DEBITO,CONCLUIDA
1486,14,163,2026-02-02 09:15:00,453.7,0.0,PIX,CONCLUIDA
1487,9,90,2026-06-04 20:36:00,384.8,0.0,CARTAO_CREDITO,CONCLUIDA
1488,15,,2025-12-25 18:35:00,72.9,0.0,PIX,CONCLUIDA
1489,1,32,2024-05-23 18:27:00,102.5,0.0,CARTAO_DEBITO,CONCLUIDA
1490,6,26,2026-03-02 14:55:00,96.8,0.0,PIX,CONCLUIDA
1491,1,199,2024-06-14 15:59:00,35.4,0.0,CARTAO_CREDITO,CONCLUIDA
1492,9,115,2024-03-28 14:52:00,1259.7,99.7,CARTAO_CREDITO,CONCLUIDA
1493,11,28,2025-12-21 17:30:00,569.7,0.0,CARTAO_CREDITO,CONCLUIDA
1494,1,,2025-01-13 19:34:00,99.8,0.0,DINHEIRO,CONCLUIDA
1495,10,200,2026-03-04 16:37:00,33.8,0.0,CARTAO_CREDITO,CONCLUIDA
1496,5,,2026-02-10 09:41:00,202.9,0.0,DINHEIRO,CONCLUIDA
1497,6,,2026-05-23 15:03:00,29.7,0.0,CARTAO_DEBITO,CONCLUIDA
1498,1,101,2024-02-06 15:17:00,125.0,0.0,CARTAO_CREDITO,CONCLUIDA
1499,11,5,2025-07-21 08:50:00,94.0,0.0,CONVENIO,CONCLUIDA
1500,6,147,2025-10-30 15:50:00,16.9,0.0,PIX,CONCLUIDA
